Unnamed: 0,med_name,is_fluids,fluid_type,med_class,med_subclass
0,famotidine,False,Medication,,not_reviewed
1,Sodium Chloride 0.9% intravenous solution,True,Isotonic Crystalloid,,crystalloid
3,cefTRIAXone,False,Medication,anti-infective,cephalosporins
4,ondansetron,False,Medication,,not_reviewed
5,gentamicin,False,Medication,anti-infective,aminoglycosides
6,diphenhydrAMINE,False,Medication,,not_reviewed
7,morphine,False,Medication,,opiods
9,Dextrose 5% in Lactated Ringers intravenous solution,True,Isotonic Crystalloid,,not_reviewed
10,pantoprazole,False,Medication,,not_reviewed
12,thiamine,False,Medication,,not_reviewed
14,Sodium Chloride 0.45% intravenous solution,True,Hypotonic Crystalloid,,not_reviewed
15,vancomycin,False,Medication,anti-infective,glycopeptide
16,potassium chloride,True,Electrolyte Solution (Potassium),,not_reviewed
17,albumin human,True,Natural Colloid,,not_reviewed
18,ANES vasopressin 200 unit/500 mL NS drip,False,Medication,,
19,nitroglycerin,False,Medication,bp_lowering,other
20,succinylcholine,False,Medication,,not_reviewed
21,propofol,False,Medication,,not_reviewed
22,calcium chloride,True,Electrolyte Solution (Calcium),,not_reviewed
23,epinephrine,False,Medication,vasopressor,epinephrine
24,Premix Dextrose 5%,True,Premix,,
25,Premix NS,True,Premix,,
26,dexmedetomidine,False,Medication,,not_reviewed
28,ceFAZolin,False,Medication,anti-infective,cephalosporins
29,norepinephrine,False,Medication,vasopressor,norepinephrine
30,insulin regular,False,Medication,,not_reviewed
31,vasopressin,False,Medication,vasopressor,vasopressin
33,milrinone,False,Medication,bp_lowering,other
35,Dextrose 5% in Water intravenous solution,True,Hypotonic Crystalloid,,not_reviewed
36,amiodarone,False,Medication,antiarrhythmics,other
37,hydrALAZINE,False,Medication,bp_lowering,other
38,furosemide,False,Medication,diuretic,other
39,HYDROmorphone,False,Medication,,opiods
41,Dextrose 5% with 0.2% NaCl and KCl 20 mEq/L intravenous solution,True,Hypotonic Crystalloid,,not_reviewed
44,Dextrose 5% with 0.45% NaCl intravenous solution,True,Hypotonic Crystalloid,,not_reviewed
45,piperacillin-tazobactam,False,Medication,anti-infective,penicillins
46,Premix Diluent,True,Premix,,
47,heparin,False,Medication,,anticoagulants
49,Lactated Ringers Injection intravenous solution,True,Isotonic Crystalloid,,not_reviewed
50,niCARdipine,False,Medication,bp_lowering,other
51,fentaNYL,False,Medication,,opiods
52,midazolam,False,Medication,,not_reviewed
54,dexamethasone,False,Medication,,not_reviewed
61,Dextrose 50% in Water intravenous solution,True,Hypertonic Crystalloid,,not_reviewed
63,Dextrose 10% in Water intravenous solution,True,Hypertonic Crystalloid,,not_reviewed
64,LORazepam,False,Medication,,not_reviewed
65,hydrocortisone,False,Medication,,not_reviewed
66,ampicillin,False,Medication,anti-infective,penicillins
72,meropenem,False,Medication,anti-infective,carbapenems
73,magnesium sulfate,True,Electrolyte Solution (Magnesium),,not_reviewed
76,labetalol,False,Medication,bp_lowering,other
77,potassium chloride-sodium chloride,True,Electrolyte Solution (Potassium),,not_reviewed
78,sodium bicarbonate,True,Electrolyte Solution (Bicarbonate),,not_reviewed
79,cytarabine,False,Medication,,antineoplastics
80,cefuroxime,False,Medication,anti-infective,cephalosporins
81,tranexamic acid,False,Medication,,anticoagulants
82,rocuronium,False,Medication,,not_reviewed
86,phenylephrine,False,Medication,vasopressor,phenylephrine
87,protamine,False,Medication,,anticoagulants
88,esmolol,False,Medication,bp_lowering,other
89,methylPREDNISolone,False,Medication,,not_reviewed
90,metroNIDAZOLE,False,Medication,anti-infective,metronidazole
97,metoprolol,False,Medication,bp_lowering,other
102,doxycycline,False,Medication,anti-infective,tetracyclines
103,ketorolac,False,Medication,,not_reviewed
104,ampicillin-sulbactam,False,Medication,anti-infective,penicillins
110,Electrolyte (Plasma-Lyte) intravenous solution,True,Electrolyte Solution,,not_reviewed
111,neostigmine,False,Medication,,not_reviewed
112,ephedrine,False,Medication,,other
113,lidocaine,False,Medication,antiarrhythmics,other
115,glycopyrrolate,False,Medication,,not_reviewed
117,cefOXitin,False,Medication,anti-infective,cephalosporins
119,azithromycin,False,Medication,anti-infective,macrolide antibiotics
126,ketamine,False,Medication,,not_reviewed
131,levoFLOXacin,False,Medication,anti-infective,fluoroquinolones
132,DOBUTamine,False,Medication,vasopressor,dobutamine
133,cefTAZidime,False,Medication,anti-infective,cephalosporins
135,metoclopramide,False,Medication,,not_reviewed
136,oxytocin,False,Medication,,not_reviewed
140,Dextrose 20% in Water intravenous solution,True,Hypertonic Crystalloid,,not_reviewed
147,acyclovir,False,Medication,anti-infective,antiviral
149,levETIRAcetam,False,Medication,,not_reviewed
150,cefepime,False,Medication,anti-infective,cephalosporins
151,potassium phosphate,True,Electrolyte Solution (Potassium),,not_reviewed
154,Sodium Chloride 3%,True,Hypertonic Crystalloid,,not_reviewed
155,sterile water,True,Sterile Water,,other
157,levothyroxine,False,Medication,,not_reviewed
160,mannitol,True,Hypertonic Crystalloid,diuretic,other
161,cisatracurium,False,Medication,,not_reviewed
166,lacosamide,False,Medication,,not_reviewed
169,Dextrose 5% with 0.9% NaCl intravenous solution,True,Isotonic Crystalloid,,not_reviewed
170,diltiazem,False,Medication,bp_lowering,other
173,fluconazole,False,Medication,anti-infective,antifungals
175,sodium phosphate,True,Electrolyte Solution (Phosphate),,not_reviewed
177,clindamycin,False,Medication,anti-infective,lincosamides
180,Empty Container,False,Medication,,
187,leucovorin,False,Medication,,not_reviewed
190,alteplase,False,Medication,,anticoagulants
191,tromethamine,False,Medication,,not_reviewed
193,acetylcysteine,False,Medication,,not_reviewed
194,folic acid,False,Medication,,not_reviewed
195,nalbuphine,False,Medication,,not_reviewed
199,diazePAM,False,Medication,,not_reviewed
204,nafcillin,False,Medication,anti-infective,penicillins
205,DAPTOmycin,False,Medication,anti-infective,lipopeptide
206,fludarabine,False,Medication,,antineoplastics
208,tacrolimus,False,Medication,,not_reviewed
210,micafungin,False,Medication,anti-infective,antifungals
211,acetaminophen,False,Medication,,analgesics
212,ethiodized oil,False,Medication,,not_reviewed
217,bumetanide,False,Medication,diuretic,other
219,pyridoxine,False,Medication,,not_reviewed
221,sodium chloride,False,Medication,,not_reviewed
223,calcium gluconate,True,Electrolyte Solution (Calcium),,not_reviewed
224,central hyperalimentation (TPN),True,Parenteral Nutrition,,
225,sodium glycerophosphate,True,Electrolyte Solution (Phosphate),,not_reviewed
226,erythromycin,False,Medication,anti-infective,macrolide antibiotics
227,vecuronium,False,Medication,,not_reviewed
229,atropine,False,Medication,antiarrhythmics,other
230,dihydroergotamine,False,Medication,,not_reviewed
233,Dextrose 5% in Water with KCl 20 mEq/l intravenous solution,True,Hypotonic Crystalloid,,not_reviewed
235,tigecycline,False,Medication,anti-infective,tetracyclines
237,octreotide,False,Medication,,not_reviewed
238,ganciclovir,False,Medication,anti-infective,antiviral
239,hyperal peripheral,True,Parenteral Nutrition,,not_reviewed
241,mycophenolate mofetil,False,Medication,,not_reviewed
249,haloperidol,False,Medication,,not_reviewed
251,penicillin G potassium,False,Medication,anti-infective,penicillins
256,"hyperalimentation, adult",True,Parenteral Nutrition,,
261,methocarbamol,False,Medication,,not_reviewed
266,PHENobarbital,False,Medication,,not_reviewed
268,carmustine,False,Medication,,antineoplastics
271,promethazine,False,Medication,,not_reviewed
272,naloxone,False,Medication,,not_reviewed
273,scopolamine,False,Medication,,not_reviewed
274,"fat emulsion, intravenous",True,Parenteral Nutrition,,not_reviewed
277,ciprofloxacin,False,Medication,anti-infective,fluoroquinolones
278,hydromorphone bolus from current pca,False,Medication,,
279,busulfan,False,Medication,,antineoplastics
280,mesna,False,Medication,,antineoplastics
283,digoxin,False,Medication,antiarrhythmics,other
285,multivitamin,False,Medication,,not_reviewed
287,fosphenytoin,False,Medication,,not_reviewed
290,epoprostenol,False,Medication,bp_lowering,other
292,sodium nitroprusside,False,Medication,bp_lowering,other
293,chlorothiazide,False,Medication,diuretic,other
295,basiliximab,False,Medication,,not_reviewed
303,phytonadione,False,Medication,,anticoagulants
305,flumazenil,False,Medication,,not_reviewed
306,anti-thymocyte globulin (rabbit),False,Medication,,not_reviewed
307,desmopressin,False,Medication,,not_reviewed
310,methylene blue,False,Medication,,other
314,DOXOrubicin,False,Medication,,antineoplastics
315,riTUXimab,False,Medication,,antineoplastics
316,Misc Medication TNF,False,Medication,,
318,DOPamine,False,Medication,vasopressor,dopamine
320,etomidate,False,Medication,,not_reviewed
322,levOCARNitine,False,Medication,,other
323,remifentanil,False,Medication,,not_reviewed
327,rasburicase,False,Medication,,not_reviewed
328,cyclophosphamide,False,Medication,,antineoplastics
329,SUFentanil,False,Medication,,not_reviewed
338,zidovudine,False,Medication,anti-infective,antiviral
339,Belatacept,False,Medication,,not_reviewed
343,sulfamethoxazole-trimethoprim,False,Medication,anti-infective,sulphonamides
345,iron sucrose,False,Medication,,not_reviewed
348,cycloSPORINE,False,Medication,,not_reviewed
349,cosyntropin,False,Medication,,not_reviewed
350,prochlorperazine,False,Medication,,not_reviewed
352,linezolid,False,Medication,anti-infective,oxazolidinones
361,etoposide,False,Medication,,antineoplastics
366,aztreonam,False,Medication,anti-infective,monobactams
373,valproic acid,False,Medication,,not_reviewed
374,rifAMPin,False,Medication,anti-infective,antimycobacterial agents
376,tobramycin,False,Medication,anti-infective,aminoglycosides
378,doripenem,False,Medication,anti-infective,carbapenems
380,darbepoetin alfa,False,Medication,,other
382,colistimethate,False,Medication,anti-infective,other
388,Amino Acids 3% and Glycerin 3% with Electrolytes (ProcalAmine) intravenous solution,True,Electrolyte Solution,,not_reviewed
390,carboplatin,False,Medication,,antineoplastics
394,aminocaproic acid,False,Medication,,anticoagulants
402,argatroban,False,Medication,,anticoagulants
403,ertapenem,False,Medication,anti-infective,carbapenems
405,imipenem-cilastatin,False,Medication,anti-infective,carbapenems
409,bivalirudin,False,Medication,,anticoagulants
418,inFLIXimab,False,Medication,,not_reviewed
423,pamidronate,False,Medication,,not_reviewed
424,adenosine,False,Medication,antiarrhythmics,other
429,vinCRIStine,False,Medication,,antineoplastics
431,insulin aspart,False,Medication,,not_reviewed
432,butorphanol,False,Medication,,not_reviewed
442,tirofiban,False,Medication,,anticoagulants
447,ceftaroline,False,Medication,anti-infective,cephalosporins
450,decitabine,False,Medication,,antineoplastics
454,cisplatin,False,Medication,,antineoplastics
455,paricalcitol,False,Medication,,not_reviewed
464,acetaZOLAMIDE,False,Medication,diuretic,other
466,melphalan,False,Medication,,antineoplastics
470,fosaprepitant,False,Medication,,not_reviewed
471,aldesleukin,False,Medication,,antineoplastics
481,immune globulin intravenous,False,Medication,,not_reviewed
483,isavuconazonium,False,Medication,anti-infective,antifungals
484,fluorescein ophthalmic,False,Medication,,other
491,foscarnet,False,Medication,anti-infective,antiviral
494,methotrexate,False,Medication,,antineoplastics
497,physostigmine,False,Medication,,not_reviewed
501,enoxaparin,False,Medication,,anticoagulants
503,coagulation factor VIIa,False,Medication,,anticoagulants
505,hetastarch,True,Synthetic Colloid,,not_reviewed
507,Dextrose 5% with 0.2% NaCl intravenous solution,True,Hypotonic Crystalloid,,not_reviewed
514,arginine,False,Medication,,other
518,glucagon,False,Medication,,not_reviewed
524,ANES amiodarone 750 mg/500 mL D5W Premix,False,Medication,,
525,enalapril,False,Medication,bp_lowering,other
527,epoetin alfa,False,Medication,,other
528,methadone,False,Medication,,not_reviewed
535,ifosfamide,False,Medication,,antineoplastics
538,ibutilide,False,Medication,antiarrhythmics,other
541,Factor VIII injection,False,Medication,,
545,conjugated estrogens,False,Medication,,not_reviewed
546,posaconazole,False,Medication,anti-infective,antifungals
549,avibactam-cefTAZidime,False,Medication,anti-infective,cephalosporins
552,ferumoxytol,False,Medication,,not_reviewed
555,ceftolozane-tazobactam,False,Medication,anti-infective,penicillins
556,meperidine,False,Medication,,not_reviewed
563,potassium acetate,True,Electrolyte Solution (Potassium),,not_reviewed
565,amphotericin B liposomal,False,Medication,anti-infective,antifungals
568,IDArubicin,False,Medication,,antineoplastics
574,isoproterenol,False,Medication,vasopressor,other
575,anti-inhibitor coagulant complex,False,Medication,,anticoagulants
576,granisetron,False,Medication,,not_reviewed
580,ethacrynic acid,False,Medication,diuretic,other
581,copper chloride,False,Medication,,not_reviewed
587,telavancin,False,Medication,anti-infective,glycopeptide
592,amikacin,False,Medication,anti-infective,aminoglycosides
598,hyperal neonate,True,Parenteral Nutrition,,not_reviewed
608,procainamide,False,Medication,antiarrhythmics,other
610,PACLitaxel,False,Medication,,antineoplastics
614,antihemophilic factor,False,Medication,,anticoagulants
615,indocyanine green,False,Medication,,not_reviewed
621,zoledronic acid,False,Medication,,not_reviewed
622,voriconazole,False,Medication,anti-infective,antifungals
623,pentamidine,False,Medication,,antiparasitic
624,verapamil,False,Medication,bp_lowering,other
633,indigo carmine,False,Medication,,not_reviewed
634,coagulation factor IX,False,Medication,,anticoagulants
647,gabapentin,False,Medication,,not_reviewed
649,ascorbic acid,False,Medication,,not_reviewed
650,iron dextran,False,Medication,,not_reviewed
651,prothrombin complex conc human,False,Medication,,anticoagulants
656,PENTobarbital,False,Medication,,not_reviewed
674,arsenic trioxide,False,Medication,,antineoplastics
681,cyanocobalamin,False,Medication,,not_reviewed
689,azaCITIDine,False,Medication,,antineoplastics
691,bevacizumab,False,Medication,,antineoplastics
692,fluorouracil,False,Medication,,antineoplastics
704,terbutaline,False,Medication,,not_reviewed
706,DOXOrubicin liposomal,False,Medication,,antineoplastics
708,prasugrel,False,Medication,,anticoagulants
717,chlorproMAZINE,False,Medication,,not_reviewed
721,oxacillin,False,Medication,anti-infective,penicillins
726,alemtuzumab,False,Medication,,antineoplastics
728,sodium acetate,True,Electrolyte Solution (Other),,not_reviewed
730,vinorelbine,False,Medication,,antineoplastics
731,moxifloxacin,False,Medication,anti-infective,fluoroquinolones
737,antihemophilic factor-von Willebrand factor inj,False,Medication,,anticoagulants
741,albuterol,False,Medication,,not_reviewed
742,cytomegalovirus immune globulin,False,Medication,,not_reviewed
744,oxaliplatin,False,Medication,,antineoplastics
746,oxymetazoline nasal,False,Medication,,other
748,irinotecan,False,Medication,,antineoplastics
750,clevidipine,False,Medication,bp_lowering,other
751,aprepitant,False,Medication,,not_reviewed
762,caffeine,False,Medication,,not_reviewed
765,Standard PAL Line IV fluid,True,IV Line Fluid,,
773,cefotaxime,False,Medication,anti-infective,cephalosporins
775,allopurinol,False,Medication,,not_reviewed
779,antithrombin III,False,Medication,,anticoagulants
782,minocycline,False,Medication,anti-infective,tetracyclines
789,abciximab,False,Medication,,anticoagulants
792,DOCEtaxel,False,Medication,,antineoplastics
802,mitoXANTRONE,False,Medication,,antineoplastics
804,Dextrose 70% in Water intravenous solution,True,Hypertonic Crystalloid,,not_reviewed
810,calcitriol,False,Medication,,not_reviewed
814,propranolol,False,Medication,bp_lowering,other
816,bupivacaine-epinephrine,False,Medication,,not_reviewed
817,raNITIdine,False,Medication,,not_reviewed
818,Dextrose 5% in Lactated Ringers with KCl 20 mEq/l intravenous solution,True,Isotonic Crystalloid,,not_reviewed
819,"Bag, PCA  Infusion",False,Medication,,
821,phenytoin,False,Medication,,other
826,vedolizumab,False,Medication,,not_reviewed
835,bupivacaine,False,Medication,,not_reviewed
836,heparin flush,False,Medication,,anticoagulants
840,fomepizole,False,Medication,,not_reviewed
841,phenylephrine nasal,False,Medication,,other
842,dalfopristin-quinupristin,False,Medication,anti-infective,antiviral
845,penicillin G sodium,False,Medication,anti-infective,penicillins
846,Dextrose 10% with 0.2% NaCl intravenous solution,True,Hypotonic Crystalloid,,not_reviewed
848,palonosetron,False,Medication,,not_reviewed
849,PEMEtrexed,False,Medication,,antineoplastics
850,gemcitabine,False,Medication,,antineoplastics
864,Standard UAC Line IV fluid,True,IV Line Fluid,,
869,"Premix Water, Sterile",True,Premix,,
875,prothrombin complex concentrate,False,Medication,,anticoagulants
876,blinatumomab,False,Medication,,antineoplastics
877,IV Stabilizer Solution inj,True,IV Line Fluid,,
880,hydroxocobalamin,False,Medication,,not_reviewed
896,aminophylline,False,Medication,,not_reviewed
899,"lymphocyte immune globulin, anti-thy (equine)",False,Medication,,not_reviewed
908,dofetilide,False,Medication,antiarrhythmics,other
909,treprostinil,False,Medication,diuretic,other
913,sildenafil,False,Medication,bp_lowering,other
918,dantrolene,False,Medication,,not_reviewed
922,hepatitis B immune globulin,False,Medication,,not_reviewed
930,amphotericin B,False,Medication,anti-infective,antifungals
932,vinBLAStine,False,Medication,,antineoplastics
944,DAUNOrubicin,False,Medication,,antineoplastics
945,dacarbazine,False,Medication,,antineoplastics
956,benztropine,False,Medication,,not_reviewed
964,streptomycin,False,Medication,anti-infective,aminoglycosides
965,methohexital,False,Medication,,not_reviewed
967,citric acid-sodium citrate,True,Electrolyte Solution (Other),,not_reviewed
968,bortezomib,False,Medication,,antineoplastics
971,pyridostigmine,False,Medication,,not_reviewed
973,Insulin/PBO for Shine Study,False,Medication,,
975,tetanus-diphth toxoids (Td) adult/adol,False,Medication,,not_reviewed
977,perflutren,False,Medication,,not_reviewed
983,papaverine,False,Medication,,other
986,sodium benzoate-sodium phenylacetate,False,Medication,,not_reviewed
992,streptozocin,False,Medication,,antineoplastics
997,aspirin,False,Medication,,analgesics
999,ticagrelor,False,Medication,,not_reviewed
1000,pregabalin,False,Medication,,not_reviewed
1003,trimethobenzamide,False,Medication,,not_reviewed
1004,insulin glargine,False,Medication,,not_reviewed
1008,bleomycin,False,Medication,,antineoplastics
1009,Vancomycin Trough Reminder,False,Medication,,
1010,quinidine,False,Medication,antiarrhythmics,other
1012,cidofovir,False,Medication,anti-infective,antiviral
1015,RHo (D) immune globulin,False,Medication,,not_reviewed
1018,digoxin immune FAB,False,Medication,,not_reviewed
1019,selenium,False,Medication,,not_reviewed
1025,ziprasidone,False,Medication,,not_reviewed
1037,traMADol,False,Medication,,opiods
1045,Standard UVC Line IV fluid,True,IV Line Fluid,,
1052,Al hydroxide/ASA/Ca carbonate/Mg hydroxide,False,Medication,,not_reviewed
1054,methylergonovine,False,Medication,,not_reviewed
1057,lidocaine topical,False,Medication,,other
1058,celecoxib,False,Medication,,not_reviewed
1060,Flolan Cassette,False,Medication,,
1065,cladribine,False,Medication,,antineoplastics
1077,cocaine topical,False,Medication,,other
1080,ticarcillin-clavulanate,False,Medication,anti-infective,penicillins
1082,benzocaine topical,False,Medication,,other
1084,PACLitaxel protein-bound,False,Medication,,antineoplastics
1088,isosulfan blue,False,Medication,,not_reviewed
1089,mepivacaine,False,Medication,,not_reviewed
1096,insulin isophane (NPH),False,Medication,,not_reviewed
1105,hydromor/ketamine bolus from current pca,False,Medication,,
1115,bupivacaine liposome,False,Medication,,not_reviewed
1116,pertuzumab,False,Medication,,antineoplastics
1117,trastuzumab,False,Medication,,antineoplastics
1121,fibrinogen,False,Medication,,anticoagulants
1122,conivaptan,False,Medication,,other
1126,pegaspargase,False,Medication,,antineoplastics
1138,ramucirumab,False,Medication,,antineoplastics
1142,morphine bolus from current pca,False,Medication,,
1146,epinephrine-lidocaine,False,Medication,,not_reviewed
1163,eribulin,False,Medication,,antineoplastics
1166,pentostatin,False,Medication,,antineoplastics
1176,panitumumab,False,Medication,,antineoplastics
1183,calcium glubionate,True,Electrolyte Solution (Calcium),,not_reviewed
1188,ALPRAZolam,False,Medication,hypnotics,
1190,bendamustine,False,Medication,,antineoplastics
1200,sirolimus,False,Medication,,antineoplastics
1218,deferoxamine,False,Medication,,not_reviewed
1224,dicyclomine,False,Medication,,not_reviewed
1240,cetuximab,False,Medication,,antineoplastics
1241,Al hydroxide/Mg hydroxide/simethicone,False,Medication,,not_reviewed
1247,zinc sulfate,False,Medication,,not_reviewed
1249,fentanyl bolus from current pca,False,Medication,,
1261,calcium carbonate,False,Medication,,not_reviewed
1262,edrophonium,False,Medication,,not_reviewed
1263,caffeine-sodium benzoate,False,Medication,,not_reviewed
1266,Hexaminolevulinate 100mg kit inj,False,Medication,,antineoplastics
1271,alprostadil,False,Medication,bp_lowering,other
1658,cloNIDine,False,Medication,bp_lowering,other
1680,sugammadex,False,Medication,,not_reviewed
1828,ethanol,False,Medication,,not_reviewed
1829,trabectedin,False,Medication,,antineoplastics
1873,"dextran, high molecular weight",False,Medication,,not_reviewed
1909,clofarabine,False,Medication,,antineoplastics
2030,tbo-filgrastim,False,Medication,,other
2034,"dextran, low molecular weight",False,Medication,,not_reviewed
2079,palifermin,False,Medication,,antineoplastics
2116,thiotepa,False,Medication,,antineoplastics
2123,peramivir,False,Medication,anti-infective,antiviral
2131,buprenorphine,False,Medication,,not_reviewed
2133,indomethacin,False,Medication,,not_reviewed
2163,idaruCIZUmab,False,Medication,,anticoagulants
2168,polymyxin B sulfate,False,Medication,,other
2169,bacitracin,False,Medication,,other
2202,sargramostim,False,Medication,,other
2212,phenol topical,False,Medication,,other
2237,ANES Bupivicaine 0.15%/NS 250 mL Epidural,False,Medication,,
2247,antivenin (Crotalidae) polyvalent,False,Medication,,other
2257,Acetylcholine I-coronary 18mcg/mL High conc. 20mL syringe,False,Medication,,
2266,iohexol,False,Medication,,not_reviewed
2267,Neonate Starter Hyperal,True,Parenteral Nutrition,,
2277,Acetylcholine I-coronary 0.18mcg/mL Low conc. 20mL syringe,False,Medication,,
2286,insulin pump patient - regular,False,Medication,,
2299,clopidogrel,False,Medication,,anticoagulants
2317,OLANZapine,False,Medication,,not_reviewed
2330,azaTHIOprine,False,Medication,,not_reviewed
2335,dexrazoxane,False,Medication,,not_reviewed
2337,filgrastim,False,Medication,,other
2340,sodium tetradecyl sulfate,False,Medication,,other
2365,ado-trastuzumab emtansine,False,Medication,,antineoplastics
2382,ropivacaine,False,Medication,,not_reviewed
2391,iodixanol,False,Medication,,not_reviewed
2407,amifostine,False,Medication,,antineoplastics
2411,Amino Acid 3% UAC Line Fluid,False,Medication,,
2437,"influenza virus vaccine, inactivated",False,Medication,,not_reviewed
2439,eculizumab,False,Medication,,antineoplastics
2448,loratadine,False,Medication,,not_reviewed
2453,"bag, sterile",False,Medication,,
2461,nelarabine,False,Medication,,antineoplastics
2466,thrombin topical,False,Medication,,anticoagulants
2469,topotecan,False,Medication,,antineoplastics
2474,magnesium citrate,True,Electrolyte Solution (Other),,not_reviewed
2478,copper sulfate,False,Medication,,not_reviewed
2534,hydrOXYzine,False,Medication,,not_reviewed
2554,Anticoagulant Citrate Soln,False,Medication,,not_reviewed
2557,calcitonin,False,Medication,,not_reviewed
2558,topiramate,False,Medication,,not_reviewed
2566,"C1 esterase inhibitor, human",False,Medication,,anticoagulants
2580,NS Continuous Bladder Irrigation 3000mL,True,IV Line Fluid,,not_reviewed
2584,secretin,False,Medication,,other
2594,sodium citrate,True,Electrolyte Solution (Other),,not_reviewed
2596,carboprost,False,Medication,,not_reviewed
2602,SUMAtriptan,False,Medication,,not_reviewed
3295,insulin lispro,False,Medication,,not_reviewed
3344,Amino Acids 15% (Clinisol Sulfite-Free),True,Parenteral Nutrition,,not_reviewed
3359,parenteral nutrition solution,True,Parenteral Nutrition,,not_reviewed
3372,abatacept,False,Medication,,not_reviewed
3384,divalproex sodium,False,Medication,,not_reviewed
3408,hemin,False,Medication,,not_reviewed
3445,fentanyl-ropivacaine,False,Medication,,not_reviewed
3479,intravenous electrolyte solution,True,Electrolyte Solution,,not_reviewed
3502,dalbavancin,False,Medication,anti-infective,glycopeptide
3529,cytarabine liposomal-daunorubicin liposomal,False,Medication,,antineoplastics
3536,corticorelin,False,Medication,,not_reviewed
3553,protein C,False,Medication,,anticoagulants
3559,glucose,False,Medication,,not_reviewed
3587,"bottle, sterile",False,Medication,,
3681,pneumococcal 23-polyvalent vaccine,False,Medication,,not_reviewed
3698,prismasate dialysate,True,Dialysis Solution,,not_reviewed
3757,chloramphenicol,False,Medication,anti-infective,other
3764,Methylnaltrexone 12mg inj.,False,Medication,,not_reviewed
3778,Vancomycin Intermittent Dosing by Pharmacist,False,Medication,anti-infective,glycopeptide
3779,Nafcillin 2gm Desensitization Rx Protocol- initiate,False,Medication,anti-infective,penicillins
3781,levalbuterol,False,Medication,,not_reviewed
3815,procaine penicillin,False,Medication,anti-infective,penicillins
3816,alfentanil,False,Medication,,not_reviewed
3827,hyaluronidase,False,Medication,,not_reviewed
3861,methyldopa,False,Medication,bp_lowering,other
3888,PCA IV Syringe,True,IV Line Fluid,,
3892,penicillin G benzathine,False,Medication,anti-infective,penicillins
3922,insulin detemir,False,Medication,,not_reviewed
3941,Epoprostenol CADD Conc-Dose-Rate Confirm,False,Medication,,
4318,Angiotensin II,False,Medication,bp_lowering,other
4386,PCA Reservoir & Syringe Volume Confirm,False,Medication,,
4644,sodium thiosulfate,False,Medication,,not_reviewed
4723,trace elements with selenium,False,Medication,,not_reviewed
4828,meropenem-vaborbactam,False,Medication,anti-infective,carbapenems
4838,mitoMYcin,False,Medication,,antineoplastics
4881,Meropenem 2gm Desensitization Rx Protocol- initiate,False,Medication,anti-infective,carbapenems
4898,Prismasate BK4/0 w/o Calcium,True,Dialysis Solution,,not_reviewed
4964,gemtuzumab ozogamicin,False,Medication,,antineoplastics
4988,epoprostenol diluent,False,Medication,,other
5021,tocilizumab,False,Medication,,not_reviewed
5051,liothyronine,False,Medication,,not_reviewed
5130,predniSONE,False,Medication,,not_reviewed
5177,Fentanyl Patch Removal,False,Medication,,
5187,ustekinumab,False,Medication,,not_reviewed
5213,Dianeal PD-2 with 1.5% Dextrose,True,Dialysis Solution,,not_reviewed
5217,insulin pump patient - lispro,False,Medication,,
5234,carbidopa-levodopa,False,Medication,,not_reviewed
5776,Amino Acid Injection 50gm/1000ml,True,Parenteral Nutrition,,not_reviewed
5939,eravacycline,False,Medication,anti-infective,tetracyclines
5949,imdevimab,False,Medication,,
6062,Dianeal Low Calcium with 1.5% Dextrose,True,Dialysis Solution,,not_reviewed
6077,defibrotide,False,Medication,,anticoagulants
6136,ravulizumab-cwvz 300 mg/30mL inj,False,Medication,,not_reviewed
6204,coagulation factor Xa,False,Medication,,anticoagulants
6231,Hyperalimentation for charging,True,Parenteral Nutrition,,
6234,Tagraxofusp-erzs 1000 mcg / 10 mL inj,False,Medication,,antineoplastics
6258,Epidural Infusion,False,Medication,,not_reviewed
6309,Cefepime 2gm Desensitization Rx Protocol- initiate,False,Medication,anti-infective,cephalosporins
6375,sincalide,False,Medication,,not_reviewed
6431,casirivimab,False,Medication,,
6453,inotuzumab ozogamicin,False,Medication,,antineoplastics
6499,Dextrose 30% in Water,True,Hypertonic Crystalloid,,not_reviewed
6522,Potassium Level Recheck Reminder,False,Medication,,
6544,estradiol,False,Medication,,not_reviewed
6561,triamcinolone,False,Medication,,not_reviewed
6808,PrismaSol B22GK4/0 w/o Calcium,True,Dialysis Solution,,not_reviewed
6877,remdesivir.,False,Medication,anti-infective,antiviral
6883,remdesivir,False,Medication,anti-infective,antiviral
7101,sodium ferric gluconate complex,False,Medication,,not_reviewed
7104,regadenoson,False,Medication,,
7210,phenylephrine ophthalmic,False,Medication,,other
7250,droperidol,False,Medication,,not_reviewed
7316,chromic chloride hexahydrate,False,Medication,,not_reviewed
7446,omadacycline,False,Medication,anti-infective,tetracyclines
7455,DACTINomycin,False,Medication,,antineoplastics
7464,tetracaine,False,Medication,,not_reviewed
7500,siltuximab,False,Medication,,not_reviewed
7551,nivolumab,False,Medication,,antineoplastics
7565,carvedilol,False,Medication,bp_lowering,other
7590,obinutuzumab,False,Medication,,antineoplastics
7663,midodrine,False,Medication,,other
7709,miSOPROStol,False,Medication,,not_reviewed
7724,chloroprocaine,False,Medication,,not_reviewed
7736,daratumumab,False,Medication,,antineoplastics
7761,insulin isophane-insulin regular,False,Medication,,not_reviewed
7765,pembrolizumab,False,Medication,,antineoplastics
7787,atropine-diphenoxylate,False,Medication,,not_reviewed
7814,docusate,False,Medication,,not_reviewed
7822,ocular lubricant,False,Medication,,other
7831,brentuximab vedotin,False,Medication,,antineoplastics
8084,cangrelor,False,Medication,,
8289,casirivimab-imdevimab,False,Medication,,
8333,cefiderocol,False,Medication,,
8432,glucarpidase,False,Medication,,
8581,D12.5W 0.2%NS,True,Hypertonic Crystalloid,,
8637,Lorazepam IV Therapy,False,Medication,,
8673,amobarbital,False,Medication,,not_reviewed
8675,D20W,True,Hypertonic Crystalloid,,
8689,D12.5W 0.45%NS,True,Hypertonic Crystalloid,,
8713,D25W 250mL,True,Hypertonic Crystalloid,,
8769,"diphtheria/pertussis, acel/tetanus adult (Tdap)",False,Medication,,not_reviewed
8804,carfilzomib,False,Medication,,antineoplastics
8818,betamethasone,False,Medication,,not_reviewed
8844,von Willebrand factor,False,Medication,,
8876,D20W 0.2%NS,True,Hypertonic Crystalloid,,
8948,immune globulin intravenous and subcutaneous,False,Medication,,
8958,D10W 0.45%NS,True,Hypertonic Crystalloid,,
8975,patisiran,False,Medication,,
9000,D15%W 250 ml,True,Hypertonic Crystalloid,,
9050,D12.5%W,True,Hypertonic Crystalloid,,
9076,Description Missing,False,Medication,,
9082,tamsulosin,False,Medication,,other
