,med_name,is_fluids,fluid_type,med_class,med_subclass,formulary_name,med_action_dose_unit,volume_given,count,rate_per_hour,concentration,primary_amount,amount_unit,amount_numeric,concentration,is_infusion,is_anesthesia,med_name_generic,,color
13,DOBUTamine,FALSE,Medication,pressor,inotrope,ANES DOBUTamine 500 mg Drip Std*,Not Recorded,none,4046,,500 mg / 250 mL,500.0 mg,mg,500,none,TRUE,TRUE,DOBUTamine/d5w,,
14,DOPamine,FALSE,Medication,pressor,inotrope,ANES DOPamine 400 mg Drip std*,Not Recorded,none,252,,400 mg / 250 mL,400.0 mg,mg,400,none,TRUE,TRUE,DOPamine/d5w,,
22,epinephrine,FALSE,Medication,pressor,inotrope,ANES EPInephrine 4mg/D5W drip std*,Not Recorded,none,19805,,4 mg / 250 mL,4.0 mg,mg,4,none,TRUE,TRUE,EPInephrine in d5w,,
39,central hyperalimentation (TPN),TRUE,Parenteral Nutrition,other,other,ANES Hyperal Central,Not Recorded,none,580,84 mL / hr,,none,,,none,TRUE,TRUE,Hyperal - Central,,
40,hyperal peripheral,TRUE,Parenteral Nutrition,other,other,ANES Hyperal Peripheral,Not Recorded,none,138,84 mL / hr,,none,,,none,TRUE,TRUE,Hyperal - Peripheral,,
42,insulin regular,FALSE,Medication,insulin,other,ANES Insulin Reg Human 100units Drip std*,Not Recorded,none,12394,,,100.0 unit,unit,100,none,TRUE,TRUE,insulin reg human in ns,,y
43,insulin regular,FALSE,Medication,insulin,other,ANES Insulin Reg Human 250units Drip std*,Not Recorded,none,15665,,,250.0 unit,unit,250,none,TRUE,TRUE,insulin reg human in ns,,y
58,milrinone,FALSE,Medication,bp_lowering,other,ANES Milrinone 40 mg Drip std*,Not Recorded,none,4668,,40 mg / 200 mL,40.0 mg,mg,40,none,TRUE,TRUE,milrinone/d5w,,
60,norepinephrine,FALSE,Medication,pressor,vasopressor,ANES NOREPInephrine 4mg Drip std*,Not Recorded,none,85943,,4 mg / 250 mL,4.0 mg,mg,4,none,TRUE,TRUE,NOREPInephrine in d5w,,
86,albuterol,FALSE,Medication,other,other,ANES albuterol CFC free 90 mcg/inh,Not Recorded,none,923,,,90.0 mcg,mcg,90,none,TRUE,TRUE,albuterol,,
92,,,,,,ANES citric acid-sodium citrate soln,Not Recorded,none,15,,,none,,,none,TRUE,TRUE,,,
99,levothyroxine,FALSE,Medication,other,other,ANES levothyroxine 0.4 mcg/mL IV,Not Recorded,none,97,,,0.4 mcg,mcg,0.4,none,TRUE,TRUE,levothyroxine,,
102,micafungin,FALSE,Medication,anti-infective,antifungals,ANES micafungin 1.5 mg/mL,Not Recorded,none,14,,,1.5 mg,mg,1.5,none,TRUE,TRUE,micafungin,,
105,oxytocin,FALSE,Medication,other,other,ANES oxytocin 10 units/mL,Not Recorded,none,2,,,10.0 unit,unit,10,none,TRUE,TRUE,oxytocin,,
108,sugammadex,FALSE,Medication,reversal_agent,other,ANES sugammadex 100 mg/mL soln,Not Recorded,none,75288,,,100.0 mg,mg,100,none,TRUE,TRUE,sugammadex,,
118,verapamil,FALSE,Medication,bp_lowering,other,ANES verapamil 100 mcg/mL CATH LAB,Not Recorded,none,1,,?,100.0 mcg,mcg,100,none,TRUE,TRUE,verapamil,,
125,,,,,,Acetaminophen 100 mg/mL Ped liq BULK btl.,Not Recorded,none,1,,,100.0 mg,mg,100,none,TRUE,FALSE,,,
156,adenosine,FALSE,Medication,antiarrhythmics,other,Adenosine 3mg/mL iv neonate,Not Recorded,none,1,,,3.0 mg,mg,3,none,TRUE,FALSE,adenosine,,
161,Al hydroxide/Mg hydroxide/simethicone,FALSE,Medication,other,other,Al/Mg hydrox/Simeth (Maalox) liq,Not Recorded,none,1,,,none,,,none,TRUE,FALSE,Al/Mg hydrox/Simeth liq,,
184,alteplase,FALSE,Medication,other,other,Alteplase 1mg/mL for Stroke protocol use only,Not Recorded,none,665,,0.9 mg / kg,1.0 mg,mg,1,1 mg / ml,TRUE,FALSE,alteplase,,
193,amikacin,FALSE,Medication,anti-infective,aminoglycosides,Amikacin Nebulized Soln.,Not Recorded,none,1,,,none,,,none,TRUE,FALSE,amikacin,,
196,Amino Acid 3% UAC Line Fluid,FALSE,Medication,other,other,Amino Acid 3% UAC Line Fluid,Not Recorded,none,27,,,none,,,none,TRUE,FALSE,amino acid 3% UAC,,
199,Amino Acids 15% (Clinisol Sulfite-Free),TRUE,Parenteral Nutrition,other,other,Amino Acids 15% (Clinisol) inv. protocol AAA-177Lu-03,Not Recorded,none,38,,,none,,,none,TRUE,FALSE,Amino Acids 15% (Clinisol) inv. protocol AAA-177Lu-03,,
214,amiodarone,FALSE,Medication,antiarrhythmics,other,Amiodarone 900 mg Drip,Not Recorded,none,24,,150 mg / 100 mL,900.0 mg,mg,900,none,TRUE,FALSE,amiodarone 900 mg drip,,
219,ampicillin,FALSE,Medication,anti-infective,penicillins,Ampicillin 0.01mg/mL for Desensitization,Not Recorded,none,3,,,0.01 mg,mg,0.01,none,TRUE,FALSE,ampicillin/ns for desensitization,,
220,ampicillin,FALSE,Medication,anti-infective,penicillins,Ampicillin 0.1mg/mL for Desensitization,Not Recorded,none,3,,,0.1 mg,mg,0.1,none,TRUE,FALSE,ampicillin/ns for desensitization,,
222,ampicillin,FALSE,Medication,anti-infective,penicillins,Ampicillin 10mg/mL for Desensitization,Not Recorded,none,3,,,10.0 mg,mg,10,none,TRUE,FALSE,ampicillin/ns for desensitization,,
223,ampicillin,FALSE,Medication,anti-infective,penicillins,Ampicillin 1gm IVPB,Not Recorded,none,4442,,1 gm / 50 mL,1.0 gm,gm,1,none,TRUE,FALSE,ampicillin in ns,,
227,ampicillin,FALSE,Medication,anti-infective,penicillins,Ampicillin 2gm IVPB,Not Recorded,none,36652,,1 gm / 50 mL,2.0 gm,gm,2,none,TRUE,FALSE,ampicillin in ns,,
229,ampicillin,FALSE,Medication,anti-infective,penicillins,Ampicillin 500mg IVPB,Not Recorded,none,197,,,500.0 mg,mg,500,none,TRUE,FALSE,ampicillin in ns,,
230,ampicillin,FALSE,Medication,anti-infective,penicillins,Ampicillin 50mg/mL for Desensitization,Not Recorded,none,3,,,50.0 mg,mg,50,none,TRUE,FALSE,ampicillin/ns for desensitization,,
233,ampicillin-sulbactam,FALSE,Medication,anti-infective,penicillins,Ampicillin/Sulbactam 1.5gm IVPB,Not Recorded,none,8173,,1.5 gm / 50 mL,1.5 gm,gm,1.5,none,TRUE,FALSE,ampicil/sulbact in ns,,
234,ampicillin-sulbactam,FALSE,Medication,anti-infective,penicillins,Ampicillin/Sulbactam 3gm  IVPB,Not Recorded,none,103154,,1.5 gm / 50 mL,3.0 gm,gm,3,none,TRUE,FALSE,Ampicil/sulbact in ns,,
235,Angiotensin II,FALSE,Medication,pressor,vasopressor,Angiotensin II 2.5mg/ml,ng/kg/min,none,17322,,2.5 gm / 250 mL,2.5 mg,mg,2.5,none,TRUE,FALSE,angiotensin II,,
237,anti-thymocyte globulin (rabbit),FALSE,Medication,other,other,Anti-Thymocyte Globulin for study,Not Recorded,none,5,,,none,,,none,TRUE,FALSE,thymocyt glob/PBO p# ITN028A1,,
238,anti-thymocyte globulin (rabbit),FALSE,Medication,other,other,Anti-Thymocyte Globulin for study2,Not Recorded,none,3,,,none,,,none,TRUE,FALSE,thymocyt glob p#thymo102700103,,
242,antihemophilic factor-von Willebrand factor inj,FALSE,Medication,other,other,Antihemophilic factor-von Willebrand factor Bolus,Not Recorded,none,126,,,none,,,none,TRUE,FALSE,antihemophilic factor-von Willebrand in syringe,,
244,antithrombin III,FALSE,Medication,other,other,Antithrombin III 500 units bolus,Not Recorded,none,426,,,500.0 unit,unit,500,none,TRUE,FALSE,antithrombin III in syringe,,
245,antithrombin III,FALSE,Medication,other,other,Antithrombin III 500 units-bolus,Not Recorded,none,433,,,500.0 unit,unit,500,none,TRUE,FALSE,antithrombin III in syringe,,
246,antithrombin III,FALSE,Medication,other,other,Antithrombin III 500 units-bolus,Not Recorded,none,433,,,500.0 unit,unit,500,none,TRUE,FALSE,antithrombin III,,
247,antithrombin III,FALSE,Medication,other,other,Antithrombin III 500 units-bolus,Not Recorded,none,15,,,500.0 unit,unit,500,none,TRUE,FALSE,antithrombin III in syringe,,
248,antithrombin III,FALSE,Medication,other,other,Antithrombin III 500 units-bolus,Not Recorded,none,15,,,500.0 unit,unit,500,none,TRUE,FALSE,antithrombin III,,
249,antithrombin III,FALSE,Medication,other,other,Antithrombin III 500 units-bolus (OR CHARGE),Not Recorded,none,13,,,500.0 unit,unit,500,none,TRUE,FALSE,antithrombin III,,
295,"Bag, PCA  Infusion",FALSE,Medication,other,other,"Bag, PCA  Infusion",Not Recorded,none,210,,?,none,,,none,TRUE,FALSE,pca -  bag,,
310,bivalirudin,FALSE,Medication,other,other,Bivalirudin 250mg/NS,Not Recorded,none,71146,,250 mg / 50 mL,250.0 mg,mg,250,none,TRUE,FALSE,bivalirudin in ns,,
339,"C1 esterase inhibitor, human",FALSE,Medication,other,other,"C1 esterase inhibitor, human 500 units (Cinryze)",Not Recorded,none,1,,,500.0 unit,unit,500,none,TRUE,FALSE,"C1 esterase inhibitor, human",,
344,fentaNYL,FALSE,Medication,analgesic,opioids,"CMPD fentanyl  2,500 mcg vial",Not Recorded,none,15018,,2500 mcg / 50 mL,2500.0 mcg,mcg,2500,none,TRUE,FALSE,fentanyl citrate,,
370,ceFAZolin,FALSE,Medication,anti-infective,cephalosporins,CeFAZolin 500mg (10gm vial),Not Recorded,none,3100,,1 gm / 50 mL,500.0 mg,mg,500,none,TRUE,FALSE,ceFAZolin,,
376,cefTAZidime,FALSE,Medication,anti-infective,cephalosporins,CefTAZIDime 1gm IVPB,Not Recorded,none,8950,,2 gm / 100 mL,1.0 gm,gm,1,none,TRUE,FALSE,cefTAZIDime in ns,,
384,cefTAZidime,FALSE,Medication,anti-infective,cephalosporins,CefTAZIDime 2gm/NS IVPB,Not Recorded,none,45946,,2 gm / 100 mL,2.0 gm,gm,2,none,TRUE,FALSE,cefTAZIDime in ns,,
392,ceFAZolin,FALSE,Medication,anti-infective,cephalosporins,Cefazolin 2 gm/NS IVPB,Not Recorded,none,3551,,1 gm / 50 mL,2.0 gm,gm,2,none,TRUE,FALSE,cefazolin in ns,,
393,Cefepime 2gm Desensitization Rx Protocol- initiate,FALSE,Medication,anti-infective,cephalosporins,Cefepime 2gm Desensitization Rx Protocol- initiate,Not Recorded,none,2,,,2.0 gm,gm,2,none,TRUE,FALSE,Cefepime 2gm Desensitization Rx Protocol- initiate,,
396,cefOXitin,FALSE,Medication,anti-infective,cephalosporins,Cefoxitin 1gm in Iso Dex,Not Recorded,none,2264,,1 gm / 50 mL,1.0 gm,gm,1,none,TRUE,FALSE,cefoxitin in iso dex,,
397,cefOXitin,FALSE,Medication,anti-infective,cephalosporins,Cefoxitin 1gm in NS,Not Recorded,none,57,,1 gm / 50 mL,1.0 gm,gm,1,none,TRUE,FALSE,cefOXitin in NS,,
398,cefOXitin,FALSE,Medication,anti-infective,cephalosporins,Cefoxitin 2gm in Iso Dex,Not Recorded,none,8513,,1 gm / 50 mL,2.0 gm,gm,2,none,TRUE,FALSE,cefoxitin in iso dex,,
399,cefOXitin,FALSE,Medication,anti-infective,cephalosporins,Cefoxitin 2gm in NS,Not Recorded,none,1000,,1 gm / 50 mL,2.0 gm,gm,2,none,TRUE,FALSE,cefOXitin in NS,,
407,cefTRIAXone,FALSE,Medication,anti-infective,cephalosporins,Ceftriaxone 250 mg for neonate,Not Recorded,none,2,,2 gm / 100 mL,250.0 mg,mg,250,none,TRUE,FALSE,ceftriaxone,,
420,central hyperalimentation (TPN),TRUE,Parenteral Nutrition,other,other,Central Parenteral Nutrition,Not Recorded,none,1352817,84 mL / hr,,none,,,none,TRUE,FALSE,Central Parenteral Nutrition (hyperal),,
421,central hyperalimentation (TPN),TRUE,Parenteral Nutrition,other,other,Central TPN,Not Recorded,none,127859,84 mL / hr,,none,,,none,TRUE,FALSE,Central TPN,,
454,coagulation factor VIIa,FALSE,Medication,other,other,Coagulation Factor 7a (VIIa) 1000 mcg,Not Recorded,none,215,,,1000.0 mcg,mcg,1000,none,TRUE,FALSE,coagulation factor 7a (VIIa),,
455,coagulation factor VIIa,FALSE,Medication,other,other,Coagulation Factor 7a (VIIa) 2000 mcg,Not Recorded,none,231,,,2000.0 mcg,mcg,2000,none,TRUE,FALSE,coagulation factor 7a (VIIa),,
456,coagulation factor VIIa,FALSE,Medication,other,other,Coagulation Factor 7a (VIIa) 5000 mcg,Not Recorded,none,42,,,5000.0 mcg,mcg,5000,none,TRUE,FALSE,coagulation factor 7a (VIIa),,
457,coagulation factor VIIa,FALSE,Medication,other,other,Coagulation factor 7a (VIIa) 1000 mcg,Not Recorded,none,49,,,1000.0 mcg,mcg,1000,none,TRUE,FALSE,coagulation factor 7a (VIIa),,
458,coagulation factor VIIa,FALSE,Medication,other,other,Coagulation factor 7a (VIIa) 2000 mcg,Not Recorded,none,642,,,2000.0 mcg,mcg,2000,none,TRUE,FALSE,coagulation factor 7a (VIIa),,
459,coagulation factor VIIa,FALSE,Medication,other,other,Coagulation factor 7a (VIIa) 5000 mcg,Not Recorded,none,14,,,5000.0 mcg,mcg,5000,none,TRUE,FALSE,coagulation factor 7a (VIIa),,
460,coagulation factor VIIa,FALSE,Medication,other,other,Coagulation factor 7a (VIIa) 8000 mcg,Not Recorded,none,8,,,8000.0 mcg,mcg,8000,none,TRUE,FALSE,coagulation factor VIIa,,
552,DOXOrubicin,FALSE,Medication,other,other,DOXOrubicin  LYOPH 50mg for orderset only,Not Recorded,none,2,,,50.0 mg,mg,50,none,TRUE,FALSE,DOXOrubicin LYOPH,,
557,DOXOrubicin liposomal,FALSE,Medication,other,other,DOXOrubicin liposomal 2 mg/mL (Lipodox),Not Recorded,none,11,,,2.0 mg,mg,2,none,TRUE,FALSE,DOXOrubicin liposomal,,
565,DAPTOmycin,FALSE,Medication,anti-infective,lipopeptide,Daptomycin 500mg for IVPB,Not Recorded,none,15274,,50 mg / mL,500.0 mg,mg,500,none,TRUE,FALSE,daptomycin,,
590,dexamethasone,FALSE,Medication,corticosteroids,other,Dexamethasone 10mg/NS IVPB,Not Recorded,none,11,,?,10.0 mg,mg,10,none,TRUE,FALSE,dexamethasone/ns,,
591,dexamethasone,FALSE,Medication,corticosteroids,other,Dexamethasone 12mg/NS IVPB,Not Recorded,none,23,,?,12.0 mg,mg,12,none,TRUE,FALSE,dexamethasone/ns,,
594,dexamethasone,FALSE,Medication,corticosteroids,other,Dexamethasone 20mg/NS IVPB,Not Recorded,none,69,,?,20.0 mg,mg,20,none,TRUE,FALSE,dexamethasone/ns,,
598,dexamethasone,FALSE,Medication,corticosteroids,other,Dexamethasone 8 mg/NS IVPB,Not Recorded,none,14,,?,8.0 mg,mg,8,none,TRUE,FALSE,dexamethasone/ns,,
619,digoxin immune FAB,FALSE,Medication,other,other,Digoxin Immune Fab 40mg (Digifab),Not Recorded,none,49,,9.5 mg / mL,40.0 mg,mg,40,none,TRUE,FALSE,digoxin immune fab,,
621,diltiazem,FALSE,Medication,bp_lowering,other,Diltiazem 100 mg ADD-Vantage,Milligram/Hour,none,31,,,100.0 mg,mg,100,none,TRUE,FALSE,diltiazem,,
629,diphenhydrAMINE,FALSE,Medication,antihistamine,other,DiphenhydrAMINE 25mg/NS IVPB,Not Recorded,none,40,,,25.0 mg,mg,25,none,TRUE,FALSE,diphenhydrAMINE/ns,,
632,diphenhydrAMINE,FALSE,Medication,antihistamine,other,DiphenhydrAMINE 50mg/NS IVPB,Not Recorded,none,202,,,50.0 mg,mg,50,none,TRUE,FALSE,diphenhydrAMINE/ns,,
633,,,,,,Disposable elastomeric pump,Not Recorded,none,1,,,none,,,none,TRUE,FALSE,,,
642,doxycycline,FALSE,Medication,anti-infective,tetracyclines,Doxycycline 100mg IVPB,Not Recorded,none,13361,,100 mg / 100 mL,100.0 mg,mg,100,none,TRUE,FALSE,doxycycline in ns,,
648,calcium gluconate,TRUE,Electrolyte Solution (Calcium),fluid_electrolyte,other,ED-Calcium Gluconate 2gm IVPB for ED use only,Not Recorded,none,49,,,2.0 gm,gm,2,none,TRUE,FALSE,calcium gluconate/ns,,
661,edrophonium,FALSE,Medication,other,other,Edrophonium 10 mg/mL per mL,Not Recorded,none,8,,10 mg / mL,10.0 mg,mg,10,none,TRUE,FALSE,edrophonium,,
713,ethiodized oil,FALSE,Medication,other,other,Ethiodized Oil 480mg/mL,Not Recorded,none,1,,?,480.0 mg,mg,480,none,TRUE,FALSE,ethiodized oil,,
719,coagulation factor VIIa,FALSE,Medication,other,other,Factor 7a (VIIa),Not Recorded,none,952,,?,none,,,none,TRUE,FALSE,coagulation factor 7a (VIIa),,
720,Factor VIII injection,FALSE,Medication,other,other,Factor 8 (VIII) bolus,Not Recorded,none,205,,?,none,,,none,TRUE,FALSE,Factor 8 (VIII) in syringe,,
724,antihemophilic factor,FALSE,Medication,other,other,"Factor VIII (Antihemophilic Factor, Recomb Porcine Seq) (Obizur)",Not Recorded,none,42,,?,none,,,none,TRUE,FALSE,factor 8 porcine,,
725,antihemophilic factor,FALSE,Medication,other,other,"Factor VIII (Antihemophilic Factor, Recomb Porcine Seq) (Obizur)",Not Recorded,none,1,,?,none,,,none,TRUE,FALSE,factor 8 porcine,,
726,Factor VIII injection,FALSE,Medication,other,other,"Factor VIII (Antihemophilic Factor, Recomb Porcine) (Obizur)",Not Recorded,none,24,,?,none,,,none,TRUE,FALSE,factor 8 porcine,,
727,coagulation factor VIIa,FALSE,Medication,other,other,Factor7a (VIIa) 2000 mcg (OR CHARGE),Not Recorded,none,3,,?,2000.0 mcg,mcg,2000,none,TRUE,FALSE,coagulation factor VIIa,,
728,famotidine,FALSE,Medication,antihistamine,acid_suppressant,Famotidine 20 mg for Hyperal only,Not Recorded,none,486069,,,20.0 mg,mg,20,none,TRUE,FALSE,famotidine,,
774,fibrinogen,FALSE,Medication,other,other,Fibrinogen concentrate (Human),Not Recorded,none,8,,?,none,,,none,TRUE,FALSE,fibrinogen,,
789,fluorescein ophthalmic,FALSE,Medication,other,other,Fluorescein 1mg ophth strip,Not Recorded,none,2,,,1.0 mg,mg,1,none,TRUE,FALSE,fluorescein,,
901,HYDROmorphone,FALSE,Medication,analgesic,opioids,Hydromorphone 0.4mg/mL+Ketamine 1mg/mL PCA (ortho OR),Not Recorded,none,49,,?,0.4 mg,mg,0.4,none,TRUE,FALSE,hydromorphone  0.4mg+ ketamine 1mg pca,,
931,hydroxocobalamin,FALSE,Medication,other,other,Hydroxocobalamin 5 gm Kit,Not Recorded,none,368,,,5.0 gm,gm,5,none,TRUE,FALSE,hydroxocobalamin,,
933,Hyperalimentation for charging,TRUE,Parenteral Nutrition,other,other,Hyperalimentation for charging,Not Recorded,none,6,,?,none,,,none,TRUE,FALSE,hyperalimentation,,
937,sodium chloride,FALSE,Medication,other,other,Hypertonic NaCl 23.4% 240meq IVPB for Neuro,Not Recorded,none,1506,,?,240.0 mEq,mEq,240,none,TRUE,FALSE,"na chloride 23.4% in Bag, sterile",,
946,ifosfamide,FALSE,Medication,other,other,Ifosfamide 3 gm,Not Recorded,none,196,,0.6 mg / mL,3.0 gm,gm,3,none,TRUE,FALSE,ifosfamide,,
948,immune globulin intravenous,FALSE,Medication,other,other,Immune Glob 6gm (Carimune) sucr.contng.,Not Recorded,none,40,,50 mg / mL,6.0 gm,gm,6,none,TRUE,FALSE,immune globulin human (sucrose contng.),,
949,"lymphocyte immune globulin, anti-thy (equine)",FALSE,Medication,other,other,Immune Glob. Lymphocyte (Atgam),Not Recorded,none,367,,4 mg / mL,none,,,none,TRUE,FALSE,"lymphocyte, immune globulin",,
950,immune globulin intravenous,FALSE,Medication,other,other,Immune Glob.12gm (Carimune) sucrose contng.,Not Recorded,none,282,,50 mg / mL,12.0 gm,gm,12,none,TRUE,FALSE,immune glob. (hum) sucrose contng.,,
969,insulin glargine,FALSE,Medication,insulin,other,Insulin Glargine (Human),Not Recorded,none,5,,,none,,,none,TRUE,FALSE,"insulin, glargine",,
972,insulin isophane (NPH),FALSE,Medication,insulin,other,Insulin NPH (Human),Not Recorded,none,3,,,none,,,none,TRUE,FALSE,"insulin, nph human",,
973,,,,,,Insulin Reg Hum.,Not Recorded,none,62,,,none,,,none,TRUE,FALSE,,,
974,insulin regular,FALSE,Medication,insulin,other,Insulin Reg Hum. (WW),Not Recorded,none,6,,,none,,,none,TRUE,FALSE,insulin reg human,,
975,,,,,,Insulin Reg Hum.-BG-formula,Not Recorded,none,18,,,none,,,none,TRUE,FALSE,,,
977,insulin aspart,FALSE,Medication,insulin,other,Insulin aspart  (NovoLOG),Not Recorded,none,46,,,none,,,none,TRUE,FALSE,insulin aspart,,
978,insulin aspart,FALSE,Medication,insulin,other,Insulin aspart (NovoLOG).,Not Recorded,none,87,,,none,,,none,TRUE,FALSE,insulin aspart,,
979,insulin regular,FALSE,Medication,insulin,other,Insulin regular COMPOUNDING USE,Not Recorded,none,203074,,,none,,,none,TRUE,FALSE,insulin reg human,,
980,insulin regular,FALSE,Medication,insulin,other,Insulin regular COMPOUNDING USE,Not Recorded,none,203074,,,none,,,none,TRUE,FALSE,insulin regular COMPOUNDING,,
981,insulin regular,FALSE,Medication,insulin,other,Insulin regular COMPOUNDING USE,Not Recorded,none,203074,,,none,,,none,TRUE,FALSE,insulin regular CMPD,,
982,insulin regular,FALSE,Medication,insulin,other,Insulin regular COMPOUNDING USE,Not Recorded,none,51140,,,none,,,none,TRUE,FALSE,insulin reg human,,
983,insulin regular,FALSE,Medication,insulin,other,Insulin regular COMPOUNDING USE,Not Recorded,none,51140,,,none,,,none,TRUE,FALSE,insulin regular COMPOUNDING,,
984,insulin regular,FALSE,Medication,insulin,other,Insulin regular COMPOUNDING USE,Not Recorded,none,51140,,,none,,,none,TRUE,FALSE,insulin regular CMPD,,
985,insulin regular,FALSE,Medication,insulin,other,Insulin regular COMPOUNDING USE,Not Recorded,none,1681,,,none,,,none,TRUE,FALSE,insulin reg human,,
986,insulin regular,FALSE,Medication,insulin,other,Insulin regular COMPOUNDING USE,Not Recorded,none,1681,,,none,,,none,TRUE,FALSE,insulin regular COMPOUNDING,,
987,insulin regular,FALSE,Medication,insulin,other,Insulin regular COMPOUNDING USE,Not Recorded,none,1681,,,none,,,none,TRUE,FALSE,insulin regular CMPD,,
988,Insulin/PBO for Shine Study,FALSE,Medication,insulin,other,Insulin/PBO for Shine Study,U/Hr,none,451,,,none,,,none,TRUE,FALSE,insulin/PBO-P# Shine study,,
990,ganciclovir,FALSE,Medication,anti-infective,antiviral,Invest ganciclovir 500 mg for study,Not Recorded,none,1,,2 mg / 2 mL,500.0 mg,mg,500,none,TRUE,FALSE,ganciclovir p#val038,,
1014,potassium chloride,TRUE,Electrolyte Solution (Potassium),fluid_electrolyte,other,KCl 20 mEq packet,Not Recorded,none,23,,20 mEq / 250 mL,20.0 mEq,mEq,20,none,TRUE,FALSE,potassium chloride,,
1038,,,,,,LEVOleucovorin 50 mg,Not Recorded,none,3,,,50.0 mg,mg,50,none,TRUE,FALSE,,,
1160,meropenem,FALSE,Medication,anti-infective,carbapenems,Meropenem 0.04mg/mL for Desensitization,Not Recorded,none,3,,,0.04 mg,mg,0.04,none,TRUE,FALSE,meropenem/ns,,
1162,meropenem,FALSE,Medication,anti-infective,carbapenems,Meropenem 1000mg/NS IVPB,Not Recorded,none,71792,,500 mg / 50 mL,1000.0 mg,mg,1000,none,TRUE,FALSE,meropenem in NS,,
1163,meropenem,FALSE,Medication,anti-infective,carbapenems,Meropenem 10mg/mL for Desensitization,Not Recorded,none,4,,,10.0 mg,mg,10,none,TRUE,FALSE,meropenem/ns,,
1164,meropenem,FALSE,Medication,anti-infective,carbapenems,Meropenem 1mg/mL for Desensitization,Not Recorded,none,1199,,,1.0 mg,mg,1,none,TRUE,FALSE,meropenem/ns,,
1165,meropenem,FALSE,Medication,anti-infective,carbapenems,Meropenem 20mg/mL for Desensitization,Not Recorded,none,9,,,20.0 mg,mg,20,none,TRUE,FALSE,meropenem/ns,,
1166,Meropenem 2gm Desensitization Rx Protocol- initiate,FALSE,Medication,anti-infective,carbapenems,Meropenem 2gm Desensitization Rx Protocol- initiate,Not Recorded,none,29,,,2.0 gm,gm,2,none,TRUE,FALSE,Meropenem 2gm Desensitization Rx Protocol- initiate,,
1185,methotrexate,FALSE,Medication,other,other,Methotrexate Int Dose,Not Recorded,none,4,,?,none,,,none,TRUE,FALSE,methotrexate sodium,,
1270,,,,,,NICU 10% Starter TPN,Not Recorded,none,13,,,none,,,none,TRUE,FALSE,,,
1271,hyperal neonate,TRUE,Parenteral Nutrition,other,other,NICU Starter TPN,Not Recorded,none,78,,,none,,,none,TRUE,FALSE,NICU Starter TPN,,
1309,Sodium Chloride 0.9% intravenous solution,TRUE,Isotonic Crystalloid,fluid_electrolyte,other,NS PCA,Not Recorded,none,59082,,?,none,,,none,TRUE,FALSE,nacl 0.9%,,
1324,nafcillin,FALSE,Medication,anti-infective,penicillins,Nafcillin 0.01mg/mL for Desensitization,Not Recorded,none,7,,,0.01 mg,mg,0.01,none,TRUE,FALSE,nafcillin/ns for desensitization,,
1325,nafcillin,FALSE,Medication,anti-infective,penicillins,Nafcillin 0.1mg/mL for Desensitization,Not Recorded,none,7,,,0.1 mg,mg,0.1,none,TRUE,FALSE,nafcillin/ns for desensitization,,
1327,nafcillin,FALSE,Medication,anti-infective,penicillins,Nafcillin 10mg/mL for Desensitization,Not Recorded,none,8,,,10.0 mg,mg,10,none,TRUE,FALSE,nafcillin/ns for desensitization,,
1332,Nafcillin 2gm Desensitization Rx Protocol- initiate,FALSE,Medication,anti-infective,penicillins,Nafcillin 2gm Desensitization Rx Protocol- initiate,Not Recorded,none,1,,,2.0 gm,gm,2,none,TRUE,FALSE,Nafcillin 2gm Desensitization Rx Protocol- initiate,,
1336,nafcillin,FALSE,Medication,anti-infective,penicillins,Nafcillin 50mg/mL for Desensitization,Not Recorded,none,8,,,50.0 mg,mg,50,none,TRUE,FALSE,nafcillin/ns for desensitization,,
1342,hyperal neonate,TRUE,Parenteral Nutrition,other,other,Neonatal TPN,Not Recorded,none,1633,,,none,,,none,TRUE,FALSE,Neonatal TPN,,
1343,hyperal neonate,TRUE,Parenteral Nutrition,other,other,Neonate Hyperalimentation,Not Recorded,none,938,,,none,,,none,TRUE,FALSE,Hyperalimentation neonate,,
1354,nitroglycerin,FALSE,Medication,bp_lowering,other,Nitroglycerin 100mcg/mL for Cath Lab,Not Recorded,none,1348,,50 mg / 250 mL,100.0 mcg,mcg,100,none,TRUE,FALSE,nitroglycerin,,
1628,ondansetron,FALSE,Medication,antiemetic,other,Ondansetron 8mg/NS IVPB,Not Recorded,none,29,,80 mg / 100 mL,8.0 mg,mg,8,none,TRUE,FALSE,ondansetron/ns,,
1667,alteplase,FALSE,Medication,other,other,PRMX Alteplase 25 mg ADD for LVAD,Milligram/Hour,none,1051,,5 mg / 500 mL,25.0 mg,mg,25,none,TRUE,FALSE,alteplase,,
1675,DOBUTamine,FALSE,Medication,pressor,inotrope,PRMX DOBUTamine 500 mg Drip Std*,Microgram/Kilogram/Minute,none,655741,,500 mg / 250 mL,500.0 mg,mg,500,none,TRUE,FALSE,DOBUTamine/d5w,,
1677,DOPamine,FALSE,Medication,pressor,inotrope,PRMX DOPamine 400 mg Drip std*,Not Recorded,none,74693,,400 mg / 250 mL,400.0 mg,mg,400,none,TRUE,FALSE,DOPamine/d5w,,
1679,,,,,,PRMX EPInephrine 2mg/D5W drip std*,Not Recorded,none,4539,,,2.0 mg,mg,2,none,TRUE,FALSE,,,
1680,epinephrine,FALSE,Medication,pressor,inotrope,PRMX EPInephrine 4mg/D5W drip std*,Microgram/Kilogram/Minute,none,334797,,4 mg / 250 mL,4.0 mg,mg,4,none,TRUE,FALSE,EPInephrine in d5w,,
1681,epinephrine,FALSE,Medication,pressor,inotrope,PRMX EPInephrine 4mg/NS drip,Microgram/Kilogram/Minute,none,1277,,4 mg / 250 mL,4.0 mg,mg,4,none,TRUE,FALSE,EPInephrine in ns,,
1687,HYDROmorphone,FALSE,Medication,analgesic,opioids,PRMX Hydromorphone 20 mg/NS Drip,Not Recorded,none,6939,,?,20.0 mg,mg,20,none,TRUE,FALSE,HYDROmorphone PF,,
1688,HYDROmorphone,FALSE,Medication,analgesic,opioids,PRMX Hydromorphone 20 mg/NS Drip,Not Recorded,none,6939,,?,20.0 mg,mg,20,none,TRUE,FALSE,HYDROmorphone in ns,,
1689,HYDROmorphone,FALSE,Medication,analgesic,opioids,PRMX Hydromorphone 20 mg/NS Drip,Not Recorded,none,43,,?,20.0 mg,mg,20,none,TRUE,FALSE,HYDROmorphone PF,,
1690,HYDROmorphone,FALSE,Medication,analgesic,opioids,PRMX Hydromorphone 20 mg/NS Drip,Not Recorded,none,43,,?,20.0 mg,mg,20,none,TRUE,FALSE,HYDROmorphone in ns,,
1691,insulin regular,FALSE,Medication,insulin,other,PRMX Insulin Reg Hum.,Not Recorded,none,569298,,,none,,,none,TRUE,FALSE,insulin reg human premix,,
1693,insulin regular,FALSE,Medication,insulin,other,PRMX Insulin Reg Human 250units Drip std* (OR charging),Not Recorded,none,293,,,250.0 unit,unit,250,none,TRUE,FALSE,insulin reg human in ns,,
1695,midazolam,FALSE,Medication,sedative,benzodiazepine,PRMX Midazolam 100mg Drip Std*,Not Recorded,none,307036,,50 mg / 50 mL,100.0 mg,mg,100,none,TRUE,FALSE,midazolam in ns,,
1697,milrinone,FALSE,Medication,bp_lowering,other,PRMX Milrinone 40 mg Drip std*,Not Recorded,none,1148623,,200 mcg / mL,40.0 mg,mg,40,none,TRUE,FALSE,milrinone/d5w,,
1701,nitroglycerin,FALSE,Medication,bp_lowering,other,PRMX Nitroglycerin 50 mg Drip std*,Micrograms/Minute,none,115331,,50 mg / 250 mL,50.0 mg,mg,50,none,TRUE,FALSE,nitroglycerin/d5w,,
1702,phenylephrine,FALSE,Medication,pressor,vasopressor,PRMX PHENYLephrine 25mg/D5W drip,Microgram/Kilogram/Minute,none,155,,25 mg / 250 mL,25.0 mg,mg,25,none,TRUE,FALSE,PHENYLephrine in d5w,,
1703,phenylephrine,FALSE,Medication,pressor,vasopressor,PRMX PHENYLephrine 25mg/NS drip std*,Microgram/Kilogram/Minute,none,139011,,25 mg / 250 mL,25.0 mg,mg,25,none,TRUE,FALSE,PHENYLephrine in ns,,
1711,diltiazem,FALSE,Medication,bp_lowering,other,PRMX diltiazem 100 mg drip,Microgram/Kilogram/Minute,none,34652,,125 mg / 125 mL,100.0 mg,mg,100,none,TRUE,FALSE,diltiazem,,
1712,diltiazem,FALSE,Medication,bp_lowering,other,PRMX diltiazem 125 mg drip,Milligram/Hour,none,15638,,125 mg / 125 mL,125.0 mg,mg,125,none,TRUE,FALSE,diltiazem,,
1714,ketamine,FALSE,Medication,analgesic,other,PRMX ketamine 400 mg Drip DBL (FOR ICU),Milligram/Kilogram/Hour,none,76254,,200 mg / 50 mL,400.0 mg,mg,400,none,TRUE,FALSE,ketamine drip,,
1725,pantoprazole,FALSE,Medication,proton_pump_inhibitor,other,Pantoprazole IV for Invest.study,Not Recorded,none,9,,,none,,,none,TRUE,FALSE,pantoprazole P#3001k200042,,
1730,penicillin G potassium,FALSE,Medication,anti-infective,penicillins,Penicillin G K 20 million units CMPD,Not Recorded,none,24,,?,none,,,none,TRUE,FALSE,Penicillin G K,,
1732,penicillin G potassium,FALSE,Medication,anti-infective,penicillins,"Penicillin G K 5,000,000 unit(s)/ns IVPB",Not Recorded,none,10705,,?,5000000.0 unit,unit,5000000,none,TRUE,FALSE,penicillin g k in ns,,
1734,penicillin G potassium,FALSE,Medication,anti-infective,penicillins,Penicillin G Pot. 0.1units/mL for Desensitization,Not Recorded,none,16,,?,0.1 unit,unit,0.1,none,TRUE,FALSE,Penicillin G Pot./ns,,
1735,penicillin G potassium,FALSE,Medication,anti-infective,penicillins,Penicillin G Pot. 1000 units/mL for Desensitization,Not Recorded,none,15,,?,1000.0 unit,unit,1000,none,TRUE,FALSE,Penicillin G Pot./ns,,
1736,penicillin G potassium,FALSE,Medication,anti-infective,penicillins,Penicillin G Pot. 10units/mL for Desensitization,Not Recorded,none,16,,?,10.0 unit,unit,10,none,TRUE,FALSE,Penicillin G Pot./ns,,
1740,penicillin G potassium,FALSE,Medication,anti-infective,penicillins,"Penicillin G Pot. 50,000 units/mL for Desensitization",Not Recorded,none,26,,?,50000.0 unit,unit,50000,none,TRUE,FALSE,Penicillin G Pot./ns,,
1746,perflutren,FALSE,Medication,other,other,Perflutren,Not Recorded,none,375,,?,none,,,none,TRUE,FALSE,perflutren,,
1747,hyperal peripheral,TRUE,Parenteral Nutrition,other,other,Peripheral Parenteral Nutrition,Not Recorded,none,360683,84 mL / hr,,none,,,none,TRUE,FALSE,Peripheral Parenteral Nutrition (hyperal),,
1748,hyperal peripheral,TRUE,Parenteral Nutrition,other,other,Peripheral TPN,Not Recorded,none,45390,84 mL / hr,,none,,,none,TRUE,FALSE,Peripheral TPN,,
1772,,,,,,Piperacillin/Tazobactam  2.25gm/NS IVPB,Not Recorded,none,648,,,2.25 gm,gm,2.25,none,TRUE,FALSE,,,
1776,,,,,,Polyethylene Glycol pwdr 17gm unit dose,Not Recorded,none,1,,,17.0 gm,gm,17,none,TRUE,FALSE,,,
1796,Potassium Level Recheck Reminder,FALSE,Medication,other,other,Potassium Level Recheck Reminder,Not Recorded,none,1,,,none,,,none,TRUE,FALSE,potassium level recheck reminder,,
1808,famotidine,FALSE,Medication,antihistamine,acid_suppressant,Preop famotidine,Not Recorded,none,1,,,none,,,none,TRUE,FALSE,famotidine,,
1809,PrismaSol B22GK4/0 w/o Calcium,TRUE,Dialysis Solution,fluid_electrolyte,other,PrismaSol B22GK4/0 w/out Calcium soln,Not Recorded,none,6,,,none,,,none,TRUE,FALSE,prismaSol B22GK4/0,,
1810,Prismasate BK4/0 w/o Calcium,TRUE,Dialysis Solution,fluid_electrolyte,other,Prismasate B22GK4/0 w/o Calcium,Not Recorded,none,1,,,none,,,none,TRUE,FALSE,prismasate b22gk4/0,,
1823,promethazine,FALSE,Medication,antiemetic,other,Promethazine 12.5mg IV,Not Recorded,none,145,,,12.5 mg,mg,12.5,none,TRUE,FALSE,promethazine inj,,
1836,prothrombin complex concentrate,FALSE,Medication,other,other,Prothrombin Complex concentrate (Bebulin),Not Recorded,none,40,,21 units / mL,none,,,none,TRUE,FALSE,prothrombin complex conc.,,
1837,prothrombin complex conc human,FALSE,Medication,other,other,Prothrombin complex (Human) (Kcentra),Not Recorded,none,1552,,21 units / mL,none,,,none,TRUE,FALSE,prothrombin complex,,
1848,RHo (D) immune globulin,FALSE,Medication,other,other,RHo (D) immune globulin 300 mcg (Rhogam IM),Not Recorded,none,7,,,300.0 mcg,mcg,300,none,TRUE,FALSE,RHo (D) immune globulin,,
1862,rocuronium,FALSE,Medication,neuromuscular_blocker,other,Rocuronium 10 mg/mL per mL,Not Recorded,none,8,,,10.0 mg,mg,10,none,TRUE,FALSE,rocuronium,,
1881,secretin,FALSE,Medication,other,other,Secretin 16mcg synthetic human,Not Recorded,none,14,,,16.0 mcg,mcg,16,none,TRUE,FALSE,secretin,,
1910,sodium benzoate-sodium phenylacetate,FALSE,Medication,other,other,Sodium benzoate-Sodium phenylacetate 10%,Not Recorded,none,56,,,none,,,none,TRUE,FALSE,sod.benzoate-sod.phenylacetate,,
1911,Standard PAL Line IV fluid,TRUE,IV Line Fluid,other,other,Standard PAL Line IV fluid,Not Recorded,none,167,,?,none,,,none,TRUE,FALSE,Standard PAL Line fluid,,
1912,Standard UAC Line IV fluid,TRUE,IV Line Fluid,other,other,Standard UAC Line IV fluid,Not Recorded,none,153,,?,none,,,none,TRUE,FALSE,Standard UAC Line fluid,,
1913,Standard UVC Line IV fluid,TRUE,IV Line Fluid,other,other,Standard UVC Line IV fluid,Not Recorded,none,101,,?,none,,,none,TRUE,FALSE,Standard UVC Line fluid,,
1947,thrombin topical,FALSE,Medication,other,other,Thrombin 5000 unit recombinant powder,Not Recorded,none,2,,,5000.0 unit,unit,5000,none,TRUE,FALSE,thrombin,,
1949,ticarcillin-clavulanate,FALSE,Medication,anti-infective,penicillins,Ticar/Clav 3.1 IVPB,Not Recorded,none,110,,10 mg / mL,none,,,none,TRUE,FALSE,ticarcillin-clavulanate/ns,,
1954,,,,,,Tobramycin Intermittent Dosing by Pharmacist,Not Recorded,none,1,,,none,,,none,TRUE,FALSE,,,
1965,tranexamic acid,FALSE,Medication,other,other,Tranexamic acid 2gm bolus dose,Not Recorded,none,77,,,2.0 gm,gm,2,none,TRUE,FALSE,tranexamic acid,,
1977,citric acid-sodium citrate,TRUE,Electrolyte Solution (Other),other,other,Tri-sodium Citrate,Not Recorded,none,15,,?,none,,,none,TRUE,FALSE,sod. citrate-citric acid,,
1980,sodium citrate,TRUE,Electrolyte Solution (Other),other,other,Trisodium citrate solution,Not Recorded,none,1,,?,none,,,none,TRUE,FALSE,anticoag. sodium citrate,,
1989,vancomycin,FALSE,Medication,anti-infective,glycopeptide,Vancomycin 1500mg/NS ivpb (EUOSH ONLY),Not Recorded,none,68672,,500 mg / 100 mL,1500.0 mg,mg,1500,none,TRUE,FALSE,vancomycin in ns,,
1999,vancomycin,FALSE,Medication,anti-infective,glycopeptide,Vancomycin 500mg (10gm vial),Not Recorded,none,87110,,500 mg / 100 mL,500.0 mg,mg,500,none,TRUE,FALSE,vancomycin,,
2005,Vancomycin Intermittent Dosing by Pharmacist,FALSE,Medication,anti-infective,glycopeptide,Vancomycin Intermittent Dosing by Pharmacist,Not Recorded,none,1,,500 mg / 100 mL,none,,,none,TRUE,FALSE,vancomycin pulse dosing,,
2006,Vancomycin Intermittent Dosing by Pharmacist,FALSE,Medication,anti-infective,glycopeptide,Vancomycin Intermittent Dosing by Pharmacist,Not Recorded,none,2,,500 mg / 100 mL,none,,,none,TRUE,FALSE,vancomycin pulse dosing,,
2010,vasopressin,FALSE,Medication,pressor,vasopressor,Vasopressin/Placebo for study,Not Recorded,none,6,,500 mg / 100 mL,none,,,none,TRUE,FALSE,vasopressin/placebo (P#IDS22),,
2055,alteplase,FALSE,Medication,other,other,alteplase per 10 mg,Milligram/Hour,none,1817,,,10.0 mg,mg,10,none,TRUE,FALSE,alteplase,,
2056,alteplase,FALSE,Medication,other,other,alteplase per 12.5mg ADD,Not Recorded,none,13635,,,12.5 mg,mg,12.5,none,TRUE,FALSE,alteplase,,
2059,anti-inhibitor coagulant complex,FALSE,Medication,other,other,anti-inhibitor coagulant complex 1000 units,Not Recorded,none,114,,?,1000.0 unit,unit,1000,none,TRUE,FALSE,anti-inhibitor coagulant complex,,
2060,anti-inhibitor coagulant complex,FALSE,Medication,other,other,anti-inhibitor coagulant complex 2500 units,Not Recorded,none,570,,?,2500.0 unit,unit,2500,none,TRUE,FALSE,anti-inhibitor coagulant complex,,
2061,anti-inhibitor coagulant complex,FALSE,Medication,other,other,anti-inhibitor coagulant complex 50 units,Not Recorded,none,36,,?,50.0 unit,unit,50,none,TRUE,FALSE,anti-inhibitor coagulant complex,,
2063,antihemophilic factor,FALSE,Medication,other,other,antihemophilic factor 8 recombinant 1000 units,Not Recorded,none,194,,?,1000.0 unit,unit,1000,none,TRUE,FALSE,factor 8,,
2064,antihemophilic factor,FALSE,Medication,other,other,antihemophilic factor 8 recombinant 1000 units,Not Recorded,none,194,,?,1000.0 unit,unit,1000,none,TRUE,FALSE,factor 8 (Kogenate),,
2065,antihemophilic factor,FALSE,Medication,other,other,antihemophilic factor 8 recombinant 1000 units,Not Recorded,none,67,,?,1000.0 unit,unit,1000,none,TRUE,FALSE,factor 8,,
2066,antihemophilic factor,FALSE,Medication,other,other,antihemophilic factor 8 recombinant 1000 units,Not Recorded,none,67,,?,1000.0 unit,unit,1000,none,TRUE,FALSE,factor 8 (Kogenate),,
2068,antihemophilic factor,FALSE,Medication,other,other,antihemophilic factor 8 recombinant 2000 units,Not Recorded,none,388,,?,2000.0 unit,unit,2000,none,TRUE,FALSE,factor 8,,
2069,antihemophilic factor,FALSE,Medication,other,other,antihemophilic factor 8 recombinant 2000 units,Not Recorded,none,388,,?,2000.0 unit,unit,2000,none,TRUE,FALSE,factor 8 (Kogenate),,
2070,antihemophilic factor,FALSE,Medication,other,other,antihemophilic factor 8 recombinant 2000 units,Not Recorded,none,84,,?,2000.0 unit,unit,2000,none,TRUE,FALSE,factor 8,,
2071,antihemophilic factor,FALSE,Medication,other,other,antihemophilic factor 8 recombinant 2000 units,Not Recorded,none,84,,?,2000.0 unit,unit,2000,none,TRUE,FALSE,factor 8 (Kogenate),,
2072,antihemophilic factor,FALSE,Medication,other,other,antihemophilic factor 8 recombinant 250 units,Not Recorded,none,5,,?,250.0 unit,unit,250,none,TRUE,FALSE,factor 8,,
2073,antihemophilic factor,FALSE,Medication,other,other,antihemophilic factor 8 recombinant 3000 units,Not Recorded,none,61,,?,3000.0 unit,unit,3000,none,TRUE,FALSE,factor 8,,
2074,antihemophilic factor,FALSE,Medication,other,other,antihemophilic factor 8 recombinant 3000 units,Not Recorded,none,61,,?,3000.0 unit,unit,3000,none,TRUE,FALSE,factor 8 (Kogenate),,
2075,antihemophilic factor,FALSE,Medication,other,other,antihemophilic factor 8 recombinant 3000 units,Not Recorded,none,86,,?,3000.0 unit,unit,3000,none,TRUE,FALSE,factor 8,,
2076,antihemophilic factor,FALSE,Medication,other,other,antihemophilic factor 8 recombinant 3000 units,Not Recorded,none,86,,?,3000.0 unit,unit,3000,none,TRUE,FALSE,factor 8 (Kogenate),,
2077,antihemophilic factor,FALSE,Medication,other,other,antihemophilic factor 8 recombinant 500 units,Not Recorded,none,59,,?,500.0 unit,unit,500,none,TRUE,FALSE,factor 8,,
2078,antihemophilic factor,FALSE,Medication,other,other,antihemophilic factor 8 recombinant 500 units,Not Recorded,none,3,,?,500.0 unit,unit,500,none,TRUE,FALSE,factor 8,,
2079,antihemophilic factor-von Willebrand factor inj,FALSE,Medication,other,other,antihemophilic factor-von Willebrand 500 units,Not Recorded,none,10,,?,500.0 unit,unit,500,none,TRUE,FALSE,antihemophilic F8-von Willebrand,,
2080,antihemophilic factor-von Willebrand factor inj,FALSE,Medication,other,other,antihemophilic factor-von Willebrand 500 units (HUMATE P),Not Recorded,none,2,,?,500.0 unit,unit,500,none,TRUE,FALSE,antihemophilic F8-von Willebrand,,
2081,antihemophilic factor-von Willebrand factor inj,FALSE,Medication,other,other,antihemophilic factor-von Willebrand 500 units (HUMATE P),Not Recorded,none,2,,?,500.0 unit,unit,500,none,TRUE,FALSE,antihemoph F8-vonWill HUMATE P,,
2082,antihemophilic factor-von Willebrand factor inj,FALSE,Medication,other,other,antihemophilic factor-von Willebrand 500 units (HUMATE P),Not Recorded,none,1,,?,500.0 unit,unit,500,none,TRUE,FALSE,antihemophilic F8-von Willebrand,,
2083,antihemophilic factor-von Willebrand factor inj,FALSE,Medication,other,other,antihemophilic factor-von Willebrand 500 units (HUMATE P),Not Recorded,none,1,,?,500.0 unit,unit,500,none,TRUE,FALSE,antihemoph F8-vonWill HUMATE P,,
2084,antihemophilic factor-von Willebrand factor inj,FALSE,Medication,other,other,antihemophilic factor-von Willebrand factor (WILATE) 1000U,Not Recorded,none,137,,?,1000.0 unit,unit,1000,none,TRUE,FALSE,antihemoph-vonwillebrand (WILATE),,
2085,antihemophilic factor-von Willebrand factor inj,FALSE,Medication,other,other,antihemophilic factor-von Willebrand factor (WILATE) 500U,Not Recorded,none,7,,?,500.0 unit,unit,500,none,TRUE,FALSE,antihemoph-vonwille WILATE,,
2086,antihemophilic factor-von Willebrand factor inj,FALSE,Medication,other,other,antihemophilic factor-von Willebrand factor 1000 units,Not Recorded,none,46,,?,1000.0 unit,unit,1000,none,TRUE,FALSE,antihemophilic F8-von Willebrand,,
2087,antihemophilic factor-von Willebrand factor inj,FALSE,Medication,other,other,antihemophilic factor-von Willebrand factor 1000 units (HUMATE P),Not Recorded,none,19,,?,1000.0 unit,unit,1000,none,TRUE,FALSE,antihemophilic F8-von Willebrand,,
2088,antihemophilic factor-von Willebrand factor inj,FALSE,Medication,other,other,antihemophilic factor-von Willebrand factor 1000 units (HUMATE P),Not Recorded,none,19,,?,1000.0 unit,unit,1000,none,TRUE,FALSE,antihemoph F8-vonWill HUMATE P,,
2089,antihemophilic factor-von Willebrand factor inj,FALSE,Medication,other,other,antihemophilic factor-von Willebrand factor 1000 units (HUMATE P),Not Recorded,none,57,,?,1000.0 unit,unit,1000,none,TRUE,FALSE,antihemophilic F8-von Willebrand,,
2090,antihemophilic factor-von Willebrand factor inj,FALSE,Medication,other,other,antihemophilic factor-von Willebrand factor 1000 units (HUMATE P),Not Recorded,none,57,,?,1000.0 unit,unit,1000,none,TRUE,FALSE,antihemoph F8-vonWill HUMATE P,,
2091,antihemophilic factor-von Willebrand factor inj,FALSE,Medication,other,other,antihemophilic factor-von Willebrand factor 1600 units,Not Recorded,none,48,,?,1600.0 unit,unit,1600,none,TRUE,FALSE,antihemophilic F8-von Willebrand,,
2092,antihemophilic factor-von Willebrand factor inj,FALSE,Medication,other,other,antihemophilic factor-von Willebrand factor 1600 units (HUMATE P),Not Recorded,none,2,,?,1600.0 unit,unit,1600,none,TRUE,FALSE,antihemoph F8-vonWill HUMATE P,,
2093,antihemophilic factor-von Willebrand factor inj,FALSE,Medication,other,other,antihemophilic factor-von Willebrand factor 1600 units (HUMATE P),Not Recorded,none,2,,?,1600.0 unit,unit,1600,none,TRUE,FALSE,antihemophilic F8-von Willebrand,,
2094,antihemophilic factor-von Willebrand factor inj,FALSE,Medication,other,other,antihemophilic factor-von Willebrand factor 1600 units (HUMATE P),Not Recorded,none,1,,?,1600.0 unit,unit,1600,none,TRUE,FALSE,antihemoph F8-vonWill HUMATE P,,
2095,antihemophilic factor-von Willebrand factor inj,FALSE,Medication,other,other,antihemophilic factor-von Willebrand factor 1600 units (HUMATE P),Not Recorded,none,1,,?,1600.0 unit,unit,1600,none,TRUE,FALSE,antihemophilic F8-von Willebrand,,
2096,antihemophilic factor-von Willebrand factor inj,FALSE,Medication,other,other,antihemophilic factor-von Willebrand factor 2400 units,Not Recorded,none,8,,?,2400.0 unit,unit,2400,none,TRUE,FALSE,antihemophilic factor-von Willebrand factor,,
2169,coagulation factor IX,FALSE,Medication,other,other,coagulation factor IX recombinant 1000 units,Not Recorded,none,10,,?,1000.0 unit,unit,1000,none,TRUE,FALSE,factor 9,,
2170,coagulation factor IX,FALSE,Medication,other,other,coagulation factor IX recombinant 2000 units,Not Recorded,none,2,,?,2000.0 unit,unit,2000,none,TRUE,FALSE,factor 9,,
2171,coagulation factor IX,FALSE,Medication,other,other,coagulation factor IX recombinant 3000 units,Not Recorded,none,89,,?,3000.0 unit,unit,3000,none,TRUE,FALSE,factor 9,,
2173,coagulation factor Xa,FALSE,Medication,other,other,"coagulation factor Xa (recombinant), inactivated-zhzo (ANDEXXA)",Milligram/Hour,none,53,,?,none,,,none,TRUE,FALSE,coagulation factor Xa,,
2174,cytarabine liposomal-daunorubicin liposomal,FALSE,Medication,other,other,cytarabine lipo-daunorub lipo 100mg-44mg,Not Recorded,none,3,,5 mg / mL,100.0 mg,mg,100,none,TRUE,FALSE,cytarabine liposomal-daunorubicin liposomal,,
2175,cytarabine liposomal-daunorubicin liposomal,FALSE,Medication,other,other,cytarabine lipo-daunorub lipo 100mg-44mg,Not Recorded,none,3,,5 mg / mL,100.0 mg,mg,100,none,TRUE,FALSE,cytarabine-daunorubicin lipo,,
2176,cytarabine liposomal-daunorubicin liposomal,FALSE,Medication,other,other,cytarabine lipo-daunorub lipo 100mg-44mg,Not Recorded,none,151,,5 mg / mL,100.0 mg,mg,100,none,TRUE,FALSE,cytarabine liposomal-daunorubicin liposomal,,
2177,cytarabine liposomal-daunorubicin liposomal,FALSE,Medication,other,other,cytarabine lipo-daunorub lipo 100mg-44mg,Not Recorded,none,151,,5 mg / mL,100.0 mg,mg,100,none,TRUE,FALSE,cytarabine-daunorubicin lipo,,
2185,diltiazem,FALSE,Medication,bp_lowering,other,dilTIAZem 5 mg/mL ADD,Milligram/Hour,none,87,,1 mg / mL,5.0 mg,mg,5,none,TRUE,FALSE,dilTIAZem,,
2189,,,,,,esmolol 10 mg/mL bolus from bag,Not Recorded,none,19,,,10.0 mg,mg,10,none,TRUE,FALSE,,,
2194,fluconazole,FALSE,Medication,anti-infective,antifungals,fluconazole 40 mg/mL UD Liquid,Not Recorded,none,4,,2 mg / mL,40.0 mg,mg,40,none,TRUE,FALSE,fluconazole,,
2200,heparin,FALSE,Medication,anticoagulant,other,hePARIN Vas-Cath 1000 unit(s)/mL,Not Recorded,none,324,,25000 units / 250 mL,1000.0 unit,unit,1000,none,TRUE,FALSE,hePARIN vascath,,
2202,,,,,,heparin 100 units/mL re-bolus from bag,Not Recorded,none,214,,,100.0 unit,unit,100,none,TRUE,FALSE,,,
2205,hepatitis B immune globulin,FALSE,Medication,other,other,hepatitis B immune globulin /NS IVPB,Not Recorded,none,132,,?,none,,,none,TRUE,FALSE,hepatitis B immune globulin/NS IVPB,,
2206,hepatitis B immune globulin,FALSE,Medication,other,other,hepatitis B immune globulin /NS IVPB,Not Recorded,none,132,,?,none,,,none,TRUE,FALSE,hepatitis B immune glob./NS,,
2207,hepatitis B immune globulin,FALSE,Medication,other,other,hepatitis B immune globulin /NS IVPB,Not Recorded,none,9,,?,none,,,none,TRUE,FALSE,hepatitis B immune globulin/NS IVPB,,
2208,hepatitis B immune globulin,FALSE,Medication,other,other,hepatitis B immune globulin /NS IVPB,Not Recorded,none,9,,?,none,,,none,TRUE,FALSE,hepatitis B immune glob./NS,,
2214,immune globulin intravenous,FALSE,Medication,other,other,immune globulin intravenous 10% 10g (Gammagard S/D Low IgA),Not Recorded,none,33,,50 mg / mL,10.0 g,g,10,none,TRUE,FALSE,immune globulin intravenous 10%,,
2215,immune globulin intravenous,FALSE,Medication,other,other,immune globulin intravenous 10% 5g (Gammagard  S/D Low IgA),Not Recorded,none,5,,50 mg / mL,5.0 g,g,5,none,TRUE,FALSE,immune globulin intravenous 10%,,
2220,indocyanine green,FALSE,Medication,other,other,indocyanine green 25 mg,Not Recorded,none,2416,,,25.0 mg,mg,25,none,TRUE,FALSE,indocyanine green,,
2223,insulin isophane (NPH),FALSE,Medication,insulin,other,insulin isophane (NPH) 100 units/mL,Not Recorded,none,1,,,100.0 unit,unit,100,none,TRUE,FALSE,insulin isophane (NPH),,
2231,insulin pump patient - lispro,FALSE,Medication,insulin,other,insulin pump patient - lispro,Not Recorded,none,1,,,none,,,none,TRUE,FALSE,insulin pump patient - lispro,,
2232,insulin pump patient - regular,FALSE,Medication,insulin,other,insulin pump patient - regular,Not Recorded,none,5,,,none,,,none,TRUE,FALSE,insulin pump patient - regular,,
2233,,,,,,insulin regular 1 unit/mL bolus from bag,Not Recorded,none,98,,,1.0 unit,unit,1,none,TRUE,FALSE,,,
2240,ketamine,FALSE,Medication,analgesic,other,ketamine Bolus from bag,Not Recorded,none,231,,,none,,,none,TRUE,FALSE,ketamine Bolus from bag,,
2262,metroNIDAZOLE,FALSE,Medication,anti-infective,metronidazole,metroNIDAZOLE 5mg/ml CMPD,Not Recorded,none,968,,500 mg / 100 mL,5.0 mg,mg,5,none,TRUE,FALSE,metroNIDAZOLE / NS,,
2267,Misc Medication TNF,FALSE,Medication,other,other,nf bulk,Not Recorded,none,15,,?,none,,,none,TRUE,FALSE,nf bulk,,
2268,Misc Medication TNF,FALSE,Medication,other,other,nf chemo,Not Recorded,none,1511,,?,none,,,none,TRUE,FALSE,nf chemo,,
2269,Misc Medication TNF,FALSE,Medication,other,other,nf ivpb,Not Recorded,none,9203,,?,none,,,none,TRUE,FALSE,nf ivpb,,
2270,Misc Medication TNF,FALSE,Medication,other,other,nf med,Not Recorded,none,4802,,?,none,,,none,TRUE,FALSE,nf med,,
2277,morphine,FALSE,Medication,analgesic,opioids,nn-morphine 10 mg/mL ADD,Milligram/Kilogram/Hour,none,95,,500 mg / 500 mL,10.0 mg,mg,10,none,TRUE,FALSE,morphine,,
2345,von Willebrand factor,FALSE,Medication,other,other,von Willebrand factor recombinant 900-1700 units,Not Recorded,none,8,,?,1700.0 unit,unit,1700,none,TRUE,FALSE,von Willebrand factor,,
2360,ketamine,FALSE,Medication,analgesic,other,zzzPRMX ketamine 400 mg Drip DBL (FOR ICU),Not Recorded,none,86,,200 mg / 50 mL,400.0 mg,mg,400,none,TRUE,FALSE,ketamine drip,,
