o2_device,count,mapping
Room air,1186375,room_air
Nasal cannula,1114695,nasal_cannula
Trach collar,187602,trach
High-flow nasal cannula,129543,high_flow_nasal_cannula
CPAP/BiPAP Device,127344,cpap_bipap
Heated high-flow oxygen,117462,high_flow_nasal_cannula
"O2 standby, equipment at bedside",23410,room_air
Home CPAP/BiPAP Device,18405,cpap_bipap
Non-rebreather mask,17948,face_mask
Trach collar with heater,12006,trach
T-Piece,9728,trach
Simple mask,8585,face_mask
"CPAP/BiPAP Device, Room air",8095,cpap_bipap
"O2 standby, equipment at bedside, Room air",7997,room_air
Oxymizer,7032,face_mask
Venturi mask,5903,face_mask
"Non-rebreather mask, Room air",3591,face_mask
"Nasal cannula, Room air",3440,nasal_cannula
Face shield,3417,face_mask
High-flow mask,2762,high_flow_nasal_cannula
Aerosol mask,2505,face_mask
Other: vent,1707,mechanical_vent
"Trach collar, Heated high-flow oxygen",1593,trach
"Non-rebreather mask, Heated high-flow oxygen",1503,high_flow_nasal_cannula
Date\\Time Correction,1323,
"Trach collar, Room air",1248,trach
"Heated high-flow oxygen, High-flow nasal cannula",1196,high_flow_nasal_cannula
"High-flow nasal cannula, Room air",1096,high_flow_nasal_cannula
Other: ventilator,1040,mechanical_vent
Partial-rebreather mask,865,face_mask
Bag mask,778,face_mask
Other: intubated,774,invasive_ventilation
"Non-rebreather mask, High-flow nasal cannula",728,high_flow_nasal_cannula
"Nasal cannula, CPAP/BiPAP Device",701,cpap_bipap
Trach interface,619,trach
"Trach collar with heater, Heated high-flow oxygen",578,trach
"Home CPAP/BiPAP Device, Room air",556,cpap_bipap
"Nasal cannula, High-flow nasal cannula",553,high_flow_nasal_cannula
Date\Time Correction,547,
Other: ett to vent,514,invasive_ventilation
"Nasal cannula, Venturi mask",512,face_mask
Other: Vent,493,mechanical_vent
"Trach interface, Heated high-flow oxygen",471,trach
"Nasal cannula, Heated high-flow oxygen",431,nasal_cannula
"Heated high-flow oxygen, Room air",403,high_flow_nasal_cannula
Other: Ventilator,398,mechanical_vent
Cool mist aerosol,369,face_mask
O2 not needed,338,room_air
"O2 not needed, Room air",310,room_air
"Nasal cannula, Non-rebreather mask",308,face_mask
Other: bipap,303,cpap_bipap
"Venturi mask, High-flow nasal cannula",269,high_flow_nasal_cannula
"Room air, Other: vent",243,mechanical_vent
"Heated high-flow oxygen, Neonatal",236,high_flow_nasal_cannula
"Venturi mask, Room air",203,face_mask
"Nasal cannula, O2 standby, equipment at bedside",196,nasal_cannula
"Nasal cannula, Home CPAP/BiPAP Device",175,cpap_bipap
"Aerosol mask, Room air",161,face_mask
"Room air, Other: intubated",160,room_air
Other: INTUBATED,154,invasive_ventilation
"Nasal cannula, Neonatal",148,nasal_cannula
Other: VENT,146,mechanical_vent
Other: VENTED,140,mechanical_vent
"High-flow mask, Room air",134,high_flow_nasal_cannula
"Nasal cannula, Trach collar",128,trach
Other: Mechanically Ventilated,128,mechanical_vent
Other: on vent,127,mechanical_vent
"Nasal cannula, O2 standby, equipment at bedside, Room air",127,nasal_cannula
"Trach collar, T-Piece",124,trach
Other: vented,120,mechanical_vent
Other: ET tube,117,invasive_ventilation
"Simple mask, Room air",105,face_mask
"O2 standby, equipment at bedside, O2 not needed, Room air",104,room_air
"High-flow nasal cannula, Neonatal",99,high_flow_nasal_cannula
"Nasal cannula, Face shield",95,nasal_cannula
"Room air, Other: ventilator",93,room_air
Other: Intubated,88,invasive_ventilation
"Room air, Other: Vent",87,mechanical_vent
Other: ETT,85,invasive_ventilation
"Trach collar, Trach collar with heater",83,trach
Other: Vented,81,mechanical_vent
"Nasal cannula, Cool mist aerosol",78,face_mask
"Room air, Other: bipap",78,cpap_bipap
"Trach collar, Venturi mask",75,trach
"Nasal cannula, Aerosol mask",73,face_mask
Other: airvo,71,high_flow_nasal_cannula
Other: intubated.,70,invasive_ventilation
Other: CPAP/Bipap,70,cpap_bipap
Other: Bipap,69,cpap_bipap
Other: BiPAP,68,cpap_bipap
"Nasal cannula, High-flow mask",65,high_flow_nasal_cannula
"Trach collar with heater, T-Piece",65,trach
Other: Cpap/BIPAP,64,cpap_bipap
Other: BIPAP,62,cpap_bipap
"Trach collar with heater, Room air",60,trach
"Trach collar, Cool mist aerosol",59,trach
"Trach collar, O2 standby, equipment at bedside",58,trach
"T-Piece, Heated high-flow oxygen",56,trach
Other: ventilated,55,mechanical_vent
"CPAP/BiPAP Device, O2 standby, equipment at bedside",52,cpap_bipap
"T-Piece, Room air",52,trach
"High-flow nasal cannula, High-flow mask",50,high_flow_nasal_cannula
Other: BiPap,50,cpap_bipap
"Heated high-flow oxygen, CPAP/BiPAP Device",46,high_flow_nasal_cannula
Other: ETT/vent,46,invasive_ventilation
"Nasal cannula, O2 not needed",44,nasal_cannula
Other: Ventillator,42,mechanical_vent
"High-flow nasal cannula, CPAP/BiPAP Device",40,cpap_bipap
"Nasal cannula, Simple mask",40,face_mask
"Nasal cannula, Bag mask",40,face_mask
"Trach collar, Venturi mask, Room air",40,trach
"Trach collar, High-flow nasal cannula",40,trach
"O2 standby, equipment at bedside, O2 not needed",39,room_air
"Room air, Other: VENT",38,mechanical_vent
"Trach collar, O2 standby, equipment at bedside, Room air",37,trach
"Trach collar, Aerosol mask",37,trach
Other: intuabted,35,invasive_ventilation
Other: Mechanical ventilator,35,mechanical_vent
Other: ETT/Vent,33,invasive_ventilation
"Trach collar, Other: portable home ventilator",33,trach
Other: BVM,33,
Other: ventulated,33,mechanical_vent
"Trach collar, Other: Portable home ventilator",33,trach
"Room air, Other: Ventilated",32,mechanical_vent
Other: bmv,32,
Neonatal,32,
Other: intubated and vented,32,invasive_ventilation
"Room air, Other: BiPAP",31,cpap_bipap
"Partial-rebreather mask, Room air",30,face_mask
Other: VENTILATOR,30,mechanical_vent
Other:,29,
"High-flow nasal cannula, Cool mist aerosol",29,
"Room air, Other: ETT",26,
"Room air, Other: BIPAP",26,
"Room air, Other: vented",26,
"Aerosol mask, Heated high-flow oxygen",25,
Other: pt intubated,25,
"Non-rebreather mask, Heated high-flow oxygen, High-flow nasal cannula",25,
"Nasal cannula, Oxymizer",25,
"Bag mask, Room air",25,
Other: trach vent,24,
Other: CPAP,24,
Other: intubation,24,
"Room air, Other: intubation",23,
"Non-rebreather mask, CPAP/BiPAP Device",22,
"Oxymizer, Room air",22,
Other: Airvo,21,
"Room air, Other: CPAP",20,
Other: on ventilator,20,
"Cool mist aerosol, Room air",19,
"Aerosol mask, High-flow nasal cannula",19,
Other: AirVo,19,
"Face shield, Room air",19,
"Simple mask, High-flow nasal cannula",19,
Other: cpap,19,
"Room air, Other: Bipap",18,
Other: Mechanical Ventilator,18,
Oxyhood,18,
Other: bag mask,18,
"Trach collar with heater, Trach interface",18,
"Room air, Other: on vent",18,
Other: Pt on ventilator,18,
"Room air, Other: INTUBATED",17,
"CPAP/BiPAP Device, O2 standby, equipment at bedside, Room air",17,
Other: tubed and vented,16,
"Room air, Other: BiPap",16,
Other: SCMV/ VENT,16,
"Room air, Other: bi-pap/cpap",16,
Other: ET,16,
Other: vapotherm,16,
"Trach collar, CPAP/BiPAP Device",16,
"Nasal cannula, Cool mist aerosol, Room air",15,
Other: et tube,15,
"Nasal cannula, CPAP/BiPAP Device, Room air",15,
"Other: ET TUBE IN PLACE, PT ON VENT",15,
Other: ambu bag,15,
"High-flow nasal cannula, Home CPAP/BiPAP Device",15,
"Room air, Other: Ventilator",14,
"Nasal cannula, Partial-rebreather mask",14,
Other: home vent,14,
Other: Pt intubated,13,
Other: mechanical ventilator,13,
"Nasal cannula, T-Piece",13,
"Non-rebreather mask, High-flow mask",13,
"Heated high-flow oxygen, O2 standby, equipment at bedside",13,
"Room air, Other: BVM",13,
"Trach collar, High-flow mask",12,
Other: intubated/vent,12,
"Trach interface, High-flow nasal cannula",12,
"Nasal cannula, Bag mask, Room air",12,
Other: ett,12,
"Room air, Other: Vented",11,
"Face shield, Cool mist aerosol",11,
"Room air, Other: Intubated",11,
"Heated high-flow oxygen, High-flow nasal cannula, Room air",11,
"Trach interface, Room air",11,
"Room air, Other: optiflow",11,
"Trach collar, Simple mask",11,
"Trach collar, Other: vent",11,
"Home CPAP/BiPAP Device, O2 standby, equipment at bedside",11,
"Room air, Other: airvo",10,
"Room air, Other: pt intubated and on vent",10,
"Heated high-flow oxygen, Bag mask",10,
Other: on BIPAP,10,
"Room air, Other: ET tube",10,
Other: ET TUBE,9,
Other: Vented trach,9,
Other: vapotherm 40/100/33,9,
"Room air, Other: VENTILATOR",9,
"High-flow nasal cannula, O2 standby, equipment at bedside",9,
"Aerosol mask, Cool mist aerosol",9,
"Trach collar, Other: on vent",9,
Other: Pt is on BIPAP with Heliox tank.,9,
"Room air, Other: ET",9,
"Partial-rebreather mask, High-flow nasal cannula",9,
Other: Intubated/ETT,8,
Other: trach,8,
Other: cric,8,
"Face shield, Heated high-flow oxygen",8,
"Heated high-flow oxygen, High-flow mask",8,
Other: pt is intubated,8,
"Room air, Other: ambu bag",8,
"Room air, Other: Bi-Pap",8,
Other: Bi-pap,8,
Other: Vapotherm,8,
Other: pt on vent,8,
"Partial-rebreather mask, Heated high-flow oxygen",8,
"High-flow mask, CPAP/BiPAP Device",8,
"Non-rebreather mask, Bag mask",8,
Other: CPAP/bipap,8,
"Room air, Other: vent via trach",8,
"Non-rebreather mask, O2 standby, equipment at bedside",8,
"Room air, Other: on ventilator",8,
"Non-rebreather mask, High-flow nasal cannula, Room air",8,
Other: et,8,
"T-Piece, Home CPAP/BiPAP Device",8,
"Trach collar, Non-rebreather mask",8,
"High-flow nasal cannula, O2 standby, equipment at bedside, Room air",8,
Other: ASV/Vent,8,
Other: Ventilated,7,
Other: vent/intubated,7,
"Room air, Other: bag mask",7,
"Trach collar, Heated high-flow oxygen, Room air",7,
Other: AIRVO,7,
"Venturi mask, Heated high-flow oxygen",7,
Other: trach to vent,7,
"Face shield, Venturi mask",7,
Other: Intubated.,7,
Other: ETT/ vent,7,
Other: Optiflow,7,
"Room air, Other: intubated on vent",7,
Other: Bi-Pap,7,
"Trach collar, Partial-rebreather mask",7,
Other: Intubation,7,
Other: trach/vent,6,
Other: optiflow,6,
"Trach collar with heater, High-flow nasal cannula",6,
"Room air, Other: pt intubated",6,
Other: home ventilator,6,
Other: non rebreather,6,
"Trach collar, Bag mask",6,
"Trach collar, T-Piece, Room air",6,
"Room air, Other: ET TUBE",6,
Other: pt on ventilator - see RT notes for settings,6,
"Room air, Other: intubated.",6,
"Room air, Other: Bi-pap",6,
"Room air, Other: cpap",6,
Other: vent.,6,
Other: mechanical vent,6,
Other: HOME VENT,6,
Other: ET Tube,6,
"Trach collar, Trach collar with heater, Heated high-flow oxygen",6,
Other: pt is on vent,6,
Other: on bipap,6,
"T-Piece, CPAP/BiPAP Device",6,
"Trach collar, Other: ventilator",5,
"Room air, Other: intubated/ventilated",5,
Other: vent AC/CMV 20 TV 450 FIO2 .40 peep 6,5,
Other: heliox,5,
"Room air, Other: ET/ Vent",5,
"Other: BVM by Dr Mitter, anesthesia",5,
Other: CPAP-bipap,5,
Other: BMV,5,
"Non-rebreather mask, Heated high-flow oxygen, Room air",5,
Other: AirVO,5,
"CPAP/BiPAP Device, Cool mist aerosol",5,
"Room air, Other: vent- intubated",5,
"CPAP/BiPAP Device, O2 not needed",5,
"Simple mask, Aerosol mask",5,
Other: breathing treatment,5,
Other: Ventilated Trach,5,
"Room air, Other: on bipap",5,
Other: Mechanical Ventilation,5,
"Trach collar with heater, Heated high-flow oxygen, Room air",5,
Other: I-gel with ambu bag,5,
Other: BIPAP Device,5,
Other: Intubated on ventilator,5,
Other: ventilator/intubated,5,
"Room air, Other: et tube",5,
Other: Bipap machine,5,
Other: bi-pap,5,
Other: trilogy vent,5,
"High-flow nasal cannula, Other: airvo",5,
Other: Ventilator.,5,
Other: intubated on vent,5,
Other: INTUBATED ON VENT,4,
Other: Mechanical ventilation,4,
"Room air, Other: vent no changes from prior settings",4,
Other: Air Vo,4,
"Trach collar, O2 standby, equipment at bedside, O2 not needed",4,
Other: CPAP-BIpap,4,
"Room air, Other: bipap machine",4,
Other: on vent.,4,
Other: ambubag,4,
Other: breathing tx,4,
Other: home trach/vent,4,
Other: BAG VALVE MASK,4,
"Aerosol mask, Venturi mask",4,
Other: Venti-lator,4,
"CPAP/BiPAP Device, Bag mask",4,
"O2 standby, equipment at bedside, Neonatal, Room air",4,
"O2 standby, equipment at bedside, Cool mist aerosol, Room air",4,
Other: trach collar,4,
Other: bpapp,4,
"Trach interface, Heated high-flow oxygen, Room air",4,
"Heated high-flow oxygen, Cool mist aerosol",4,
"Simple mask, CPAP/BiPAP Device",4,
"Non-rebreather mask, Oxymizer, Room air",4,
"Venturi mask, High-flow mask",4,
Other: bag ET,4,
Other: tubed,4,
"Room air, Other: ventilated",4,
Other: oral trached to vent,4,
"Trach collar, CPAP/BiPAP Device, Room air",4,
"Aerosol mask, CPAP/BiPAP Device",4,
Other: ET tube connected to ventilaor with FiO2 of 100%,4,
"Trach collar, O2 not needed",4,
"O2 standby, equipment at bedside, Bag mask",4,
Other: trache and ventilator,4,
"Room air, Other: vantalatory",4,
Other: on neb tx,4,
"O2 standby, equipment at bedside, Cool mist aerosol",4,
Other: ventillator,4,
"Heated high-flow oxygen, O2 standby, equipment at bedside, Room air",4,
Other: on home vent,4,
Other: ASV,4,
Other: OETT; vent,4,
Other: vent/trach,3,
Other: VapoTherm 40L,3,
"Heated high-flow oxygen, Bag mask, Room air",3,
Other: VAPOTHERM,3,
"O2 standby, equipment at bedside, Neonatal",3,
Other: ET tube to vent,3,
Other: vent through trach,3,
Other: bag valve mask,3,
"High-flow nasal cannula, CPAP/BiPAP Device, Room air",3,
"Nasal cannula, Trach collar with heater",3,
Other: NIPPV,3,
Other: BiPaP,3,
"Room air, Other: BAG VALVE MASK",3,
"Room air, Other: et",3,
Other: mech vent,3,
"Heated high-flow oxygen, O2 not needed",3,
"Nasal cannula, Trach interface",3,
"Nasal cannula, High-flow nasal cannula, Room air",3,
Other: Intubated-Vent,3,
Other: non-rebreather,3,
Other: APV vent,3,
Other: oral trach to vent on AC mode peep 20,3,
Other: C-Pap,3,
"Room air, Other: breathing treatment",3,
Other: Cpap,3,
"Room air, Other: vent no changes to settings",3,
Other: endotracheal tube,3,
"Trach collar, Room air, Other: vent",3,
"Room air, Other: home ventilator",3,
Other: hospital bipap,3,
"Room air, Other: AirVou",3,
Other: pt on ventilator,3,
Other: high flow NC,3,
"Trach collar, Other: home ventilator",3,
"Room air, Other: intubated and ventilated",3,
"Nasal cannula, CPAP/BiPAP Device, O2 standby, equipment at bedside",3,
"Non-rebreather mask, Home CPAP/BiPAP Device",3,
Other: high flow,3,
"High-flow nasal cannula, Oxymizer",3,
"Trach collar, Trach collar with heater, Room air",3,
"Trach collar, Other: vented",3,
Other: nasal airway,3,
Other: pt is vented,3,
"Nasal cannula, Trach collar, Room air",3,
"High-flow mask, Cool mist aerosol",3,
"Room air, Other: trach vent",3,
Other: mechanical venitilator,3,
Other: ett/ambu,3,
"Home CPAP/BiPAP Device, Other: C-pap",3,
Other: bagged,3,
"Nasal cannula, Non-rebreather mask, Room air",3,
"Nasal cannula, O2 standby, equipment at bedside, O2 not needed",3,
Other: EMS CPAP,3,
Other: Pt on vent - see RT notes for settings.,3,
"Room air, Other: bi-pap",3,
"Other: intubated, bagging",3,
Other: Pt. intubated,3,
Other: pt intubated.,3,
Other: CPAP-Bipap,3,
"Room air, Other: home vent",3,
Other: NRM,3,
Other: mv,3,
Other: bagged via ETT,3,
"Room air, Other: venilator",3,
"Face shield, CPAP/BiPAP Device",3,
"Trach collar, Non-rebreather mask, Room air",3,
"Room air, Other: pt is on vent",3,
"Room air, Other: c-pap",3,
"Aerosol mask, O2 standby, equipment at bedside, Room air",3,
Other: airvo 60L/.95,3,
"CPAP/BiPAP Device, Other: 30% O2",3,
"Room air, Other: BMV",3,
"Room air, Other: Intubated.",3,
"Face shield, High-flow nasal cannula",3,
"Trach collar, Home CPAP/BiPAP Device",3,
Other: ventilator.,3,
"Trach collar, Other: Vent",3,
Other: BAGGED,3,
"Trach collar with heater, Trach interface, T-Piece",3,
"Room air, Other: bag valve mask",3,
"Room air, Other: Vent CMV",3,
Other: venti,3,
Other: On Vent.,3,
Other: TUBED AND VENTED,3,
Other: Hospital BiPAP,2,
Other: NRBM,2,
"Trach collar, Trach interface",2,
Other: manual bagging,2,
Other: Neb treatment,2,
"High-flow mask, Home CPAP/BiPAP Device",2,
Other: Vent/ETT,2,
Other: AMBU BAG PER RESIDENT MD,2,
Other: high flow NC at 4,2,
"Room air, Other: vent.",2,
"Simple mask, O2 standby, equipment at bedside",2,
"Room air, Other: Intubated/ET Tube",2,
Other: intubated with o2,2,
Other: Home Vent,2,
"T-Piece, Venturi mask",2,
"Non-rebreather mask, Other: 15L",2,
"Room air, Other: during ambulation",2,
"Other: Intubated, ET tube on vent",2,
Other: ventilatory via trach,2,
Other: intub,2,
"Room air, Other: with ambulation",2,
"Room air, Other: ventilated through trach",2,
Other: vent fio2 100,2,
"Non-rebreather mask, Partial-rebreather mask",2,
Other: on Bipap,2,
"Other: vent, 100% FiO2, PEEP 8",2,
"Trach collar with heater, O2 standby, equipment at bedside",2,
Other: humidified,2,
"Room air, Other: vent,",2,
"Trach collar, Room air, Other: ventilator",2,
"Aerosol mask, O2 standby, equipment at bedside",2,
"Room air, Other: pt being bagged at bedside by RT",2,
"Room air, Other: Endotracheal Intubation",2,
Other: pt intuabted,2,
"Room air, Other: trach to vent",2,
Other: On Vent,2,
"Room air, Other: pt on ventilator, PCV mode, Peep5, o2 40%",2,
Other: ETT/ventilator,2,
"Heated high-flow oxygen, Oxyhood",2,
"High-flow nasal cannula, Other: vent",2,
"Nasal cannula, High-flow nasal cannula, High-flow mask",2,
"Trach collar, Other: Home vent",2,
"High-flow mask, Bag mask",2,
"Room air, Other: Trach",2,
Other: ETT/ vented,2,
Other: ent,2,
Other: Pt placed on ventilator,2,
Other: bipap 50% O2,2,
Other: BI PAP,2,
Other: bagged by rt,2,
"Room air, Other: Vent Rate 22, 370 TV , 6 Peep, 60 %",2,
Other: Vent 100%,2,
"High-flow nasal cannula, Bag mask",2,
"O2 standby, equipment at bedside, Other: 35%O2 ventilator",2,
Other: V,2,
"Trach collar, Room air, Other: pt on Vent",2,
"Trach interface, Heated high-flow oxygen, High-flow nasal cannula",2,
Other: ET tube bagging.,2,
Other: nebulizer mask,2,
"Room air, Other: Mechanical Ventilation",2,
"T-Piece, Cool mist aerosol",2,
"Home CPAP/BiPAP Device, Cool mist aerosol",2,
"CPAP/BiPAP Device, O2 standby, equipment at bedside, Cool mist aerosol",2,
"Room air, Other: bvm",2,
Other: oral ETT by anesthesia,2,
Other: Ventalator,2,
"Trach collar, Other: Venti-",2,
"Trach collar with heater, Cool mist aerosol",2,
Other: Mechanical Ventialtor,2,
"Venturi mask, Other: venturi 50%",2,
"Trach collar, Bag mask, Room air",2,
"Other: VENT VT-450, R-12, peep, 60%",2,
Other: nebulizer,2,
"Room air, Other: O2 placed on sat. now 93-94%.",2,
Other: trach/vented,2,
"Room air, Other: ambu bag/man vent",2,
"Room air, Other: conintuous nebulizer @ 3 l per min",2,
Other: on respiratory treatment,2,
Other: nrb,2,
"Room air, Other: bipap rate 14, 14/5 50% fio2",2,
"Room air, Other: bipap/o2",2,
"Room air, Other: AVAPS",2,
Other: Portable home ventilator,2,
"Room air, Other: OPTIFLOW",2,
"Nasal cannula, Other: humidified",2,
"High-flow mask, CPAP/BiPAP Device, Room air",2,
Other: ET tube/vent,2,
Other: Vented Trach,2,
"Room air, CPAP/BiPAP Device",2,
"Room air, Other: per home vent",2,
Other: bag ventilation via Igel,2,
"Trach collar with heater, High-flow mask",2,
Other: OETT,2,
Other: ETT tube,2,
"Trach interface, O2 standby, equipment at bedside",2,
Other: intubated 50% Fio2,2,
Other: et tube/vent,2,
"Trach interface, T-Piece",2,
"Trach collar with heater, Venturi mask",2,
Other: trache on vent,2,
"High-flow nasal cannula, CPAP/BiPAP Device, Other: AIRVO",2,
Other: Intubated and ambu bag,2,
Other: intubated. see RT notes in chart,2,
Other: bipap per RT,2,
"Room air, Other: intubated ;vent",2,
Other: tach/ventilator,2,
Other: ventilator. rate 22. tidal volume 340. 6 peep. 100%FiO2,2,
Other: BVM PPV,2,
Other: vent fio2 80%,2,
Other: ET tube-ventilator,2,
"Room air, Other: ventilator 50%",2,
"Room air, Other: vapotherm",2,
Other: ETT to vent,2,
Other: INtubated,2,
Other: ETT/ Vent,2,
Other: 8.0 ET tube,2,
"Room air, Other: BI-PAP",2,
"Room air, Other: mechanical ventilator",2,
Other: ET vent,2,
Other: Airvo @ 30%,2,
Other: Mechanicle Ventilation,2,
"Room air, Other: bag valvle",2,
"Other: ventilator Peak 17,vte 444 exp min vol 9.0 vt 460",2,
"Room air, Other: AirVu",2,
Other: ETT/VENT,2,
"Room air, Other: vented pt",2,
"Other: pt on ventilator, intubated",2,
Other: bipap 100%,2,
"Trach collar, Other:",2,
"Other: VENT: 35 PPEAK, EXPMINVOL 2.51, VTE 43, VL 350 CMH20 8",2,
"Room air, Other: Airvo",2,
Other: vent],2,
"Aerosol mask, Room air, Other: neb tx",2,
"Room air, Other: bipap-cpap",2,
"Room air, Other: neb treatment",2,
"Room air, Other: AirVuo",2,
"Room air, Other: intubation bag mask",2,
Other: ON VENTILATOR,2,
"CPAP/BiPAP Device, Other: 30% oxygen",2,
"Trach collar, Oxymizer",2,
Other: vent-see vent settings.,2,
"Room air, Other: High flow",2,
"Trach collar with heater, Oxymizer",2,
Other: vented and trached,2,
"Nasal cannula, Venturi mask, Room air",2,
"Room air, Other: ET tube 27 at the lip",2,
"Room air, Other: intubated,vent",2,
"Nasal cannula, High-flow nasal cannula, CPAP/BiPAP Device",2,
"O2 standby, equipment at bedside, Other: Airvo @ 30%",2,
"Trach collar, Home CPAP/BiPAP Device, Room air",2,
Other: pt ventilated,2,
Other: ventil;ator,2,
Other: vent to trach,2,
"Room air, Other: Vent via trach",2,
"Trach collar, Room air, Other: on vent",2,
"Room air, Other: BIAPAP",2,
Other: bpap,2,
Other: trached and vented,2,
"Trach collar, Other: Airvo",2,
"Room air, Other: pt on her home ventilator.",2,
Other: PT ON VENT AT THIS TIME,2,
Other: BIpap,2,
"Other: ventilator : Rate 30, TV 500, Peep 6, 50%",2,
"Room air, Other: heliox-8L",2,
Other: home Bi-pap,2,
"Room air, Other: airvo w/trach interface",2,
Other: Bi Pap,2,
"Room air, Other: airvo w/ trach interface",2,
"CPAP/BiPAP Device, Bag mask, Room air",2,
Other: ET intubation,2,
"Room air, Other: high flow trach",2,
Other: AMBU,2,
Other: ET tube vented pt,2,
Other: Ett,2,
"Room air, Other: mechanical vent",2,
Other: Currently receiving neb treatment,2,
Other: Ambu-bag,2,
"High-flow nasal cannula, Other: AIRVO",2,
Other: patient is intubate,2,
"Room air, Other: Portable vent",2,
"Room air, Other: vent see prior settings, no changes made",2,
Other: intubated bag valve,2,
"Trach collar, Face shield",2,
Other: intubate,2,
"T-Piece, Other: albuterol treatment",2,
"Room air, Other: BiPAP Device",2,
Other: ETT/BVM,2,
"Room air, Other: breathing tx",2,
"Home CPAP/BiPAP Device, Other: C-Pap",2,
Other: 8intubated,2,
Other: post-intubation,2,
"Room air, Other: facemask",2,
"Room air, Other: ET tube on vent",2,
Other: bag mask via intubation,2,
Other: bvm,2,
Other: personal 02 cannula,2,
"Trach collar, Cool mist aerosol, Room air",2,
"Room air, Other: hospital bipap @ 50%",2,
Other: On vent.,2,
Other: intubated on ventilator,2,
"Trach collar, Other: bagging",2,
"Room air, Other: INTUBATED AND SEDATED",2,
"Other: ETT, BVM",2,
Other: Pt is on the ventilator,2,
"Venturi mask, CPAP/BiPAP Device",2,
"Room air, Other: BiPAP set up by RT",2,
Other: bag valve,2,
"Partial-rebreather mask, Other: bypap",2,
"Nasal cannula, Home CPAP/BiPAP Device, O2 standby, equipment at bedside, Room air",2,
"Room air, Other: optiflow mask",2,
"High-flow nasal cannula, Bag mask, Room air",2,
Other: Bag valve mask,2,
"Room air, Other: on cpap",2,
"Room air, Other: E T Tube",2,
"Trach collar with heater, CPAP/BiPAP Device",2,
"Other: ventilator,",2,
Other: Vent intact,2,
Other: BVM with King tube,2,
Other: RT placing pt on bipap,2,
Other: pt place on bipap,2,
"Room air, Other: patient is on the ventilator 100% O2",2,
"High-flow mask, Other: Ventilator",2,
"Room air, Other: vapotherm + NRB",2,
Other: albuterol tx,2,
Other: AMBU BAG,2,
Other: BoPap,2,
"Trach collar, Other: Pt on ventilator",2,
"Room air, Other: bagging",2,
Other: Intubated; on vent,2,
Other: ventialtor,2,
"Nasal cannula, Trach collar, Trach collar with heater",2,
Other: BBM,2,
Other: on Vent,2,
Other: pt on by pap.,2,
"High-flow nasal cannula, Other: ET tube",2,
Other: bag valve mask -manual,2,
"Room air, Other: Vapotherm",2,
"Aerosol mask, High-flow mask",2,
"Room air, Other: duoneb cont",2,
"Other: vent, settings unchanged.",2,
"Other: Heliox on presentation to ed, Heliox at 12L/m",2,
"Trach collar, Other: airvo",2,
"Room air, Other: on vent, pt biting tube,",2,
"Room air, Other: Hospital BiPAP",2,
"Trach collar, Room air, Other: home vent",2,
"Room air, Other: NIPPV",2,
Other: humidified air,2,
"Room air, Other: 17x/380  peep 6",2,
"Room air, Other: PT IS ON C-PAP",1,
Other: patient intubated fio2 100%,1,
Other: intubated 7.5 taped 23 at lip fio2 100 450 peep 5 bilateral ausculation lung sound,1,
Other: ventlator,1,
"Room air, Other: during night time O2 2L via n/c due to desat",1,
Other: Airvo 10L,1,
"Room air, Other: HAS SLEEP APNEA noncompliant to use of CPAP",1,
"Other: nasal trumpet, ambu bag",1,
"Other: Vetnilator, 40%",1,
"Trach collar, Other: ventilated trach collar",1,
"Room air, Other: Airvo 60L 50% FiO2",1,
"Room air, Other: bagging the patinet",1,
"Simple mask, High-flow mask",1,
"Room air, Other: ventilator settings rate of 13 ,simv,peep of 6,tidal volume 450",1,
Other: Vent (ETT),1,
"Room air, Other: vent no change from prior settings",1,
Other: ETT (7.0),1,
Other: Patient was being bagged,1,
Other: ETT/ BVM,1,
"Trach interface, High-flow mask",1,
Other: ventiliator,1,
"Room air, Other: ventilator simv",1,
Other: ambued with O2,1,
"Room air, Other: PM valve in place",1,
Other: OETT Vented,1,
"Room air, Other: EMS BI PAP",1,
Other: vent- 100%fio2,1,
"Aerosol mask, Non-rebreather mask",1,
Other: BI-PAP,1,
"Nasal cannula, Non-rebreather mask, Partial-rebreather mask",1,
Other: E-tube,1,
"Trach collar with heater, Aerosol mask",1,
"Room air, Other: trach with NRB",1,
"Trach collar, Other: trach collar",1,
"Nasal cannula, Non-rebreather mask, High-flow mask",1,
"Other: vent fI02 100%, R 20, Peep 8, VT 500",1,
Other: on RA,1,
Other: 95,1,
"Room air, Other: INTUABTED AND SEDATED",1,
Other: ett vent,1,
"Room air, Other: bagvalve mask",1,
"Non-rebreather mask, Other: vapotherm",1,
Other: INTUBATED ON THE VETILATOR,1,
"Room air, Other: vapotherm, see note",1,
Other: NEBULIZER GOING,1,
"Aerosol mask, Home CPAP/BiPAP Device",1,
Other: trelegy 2L,1,
"Trach collar with heater, Trach interface, Heated high-flow oxygen",1,
"Other: AC/CMV fio2 70%, PEEP14, vt 470 rate 28",1,
"Room air, Other: Cpap",1,
Other: o2 NC 4lpm,1,
"Venturi mask, Non-rebreather mask",1,
Other: ETT- vent,1,
Other: 100,1,
"Room air, Other: Bag valve mask",1,
"Trach collar with heater, Bag mask, Room air",1,
Other: pt intubated and on vent,1,
Other: 8/8/40%,1,
Other: Duo Neb via EMS,1,
"Room air, Other: pt on vapo-therm",1,
"Trach collar, Trach collar with heater, Trach interface, Heated high-flow oxygen",1,
"Room air, Other: 40% bipap",1,
Other: INTUBATED ON THE VENTILATOR,1,
"Partial-rebreather mask, O2 standby, equipment at bedside",1,
"Room air, Other: vnt",1,
"Room air, Other: vent settings",1,
Other: BAG VALVE MASK VIA ET TUBE,1,
"Room air, Other: LMA",1,
"Nasal cannula, Heated high-flow oxygen, High-flow nasal cannula",1,
Other: bag valve mask via et tube,1,
Other: BAG VALVE,1,
Other: SEDATED AND INTUBATED,1,
"Room air, Other: BVM, 15L O2",1,
"Other: Ventilator--APV rate -14, Vt-430, FiO2-30%, Peep -6",1,
"Other: Ventilator settings: 450, 16 rate, PEEP: 5",1,
"Room air, Other: intubated on ventilator",1,
"Venturi mask, Oxymizer",1,
Other: vent APV/cmv Tidal volume 450 peep 8,1,
"Trach collar, Aerosol mask, Room air",1,
"Partial-rebreather mask, Other: ventilator",1,
"Room air, Other: intubated 450/10 fio2 60%",1,
Other: ET tube - ventilator,1,
Other: Intubated/vent,1,
Other: Trach to vent SCMV mode.,1,
Other: bagging with ETT,1,
Other: trach on vent,1,
Other: home ventilator/trach,1,
Other: vented trach,1,
Other: BMV ambu w/ O2,1,
"Trach collar, Other: patient on vent",1,
Other: pt on home vent,1,
Other: intubated pt,1,
"Room air, Other: intubatd ventilator",1,
"Room air, Other: Pt intubated",1,
"Other: bipap,",1,
"Non-rebreather mask, O2 standby, equipment at bedside, Room air",1,
Other: pt is on ventilator,1,
"CPAP/BiPAP Device, Other: bipap machine applied by RT, RT at bedside",1,
Other: patient on ventilator,1,
Other: oxy plus mask,1,
Other: bvm vent via ETT,1,
Other: ventilator from OSH,1,
Other: vent pt,1,
"Other: Ventilator, Assist Control",1,
"Room air, Other: ventilation",1,
"Venturi mask, Non-rebreather mask, High-flow nasal cannula",1,
Other: albuteral face mask 02 per ems 15liters,1,
"Room air, Other: ventilator ^peep, fio2 is 050 and tv is 480",1,
"Heated high-flow oxygen, Other: Ventilator: FiO2 0.5",1,
"Room air, Other: bi pap",1,
Other: intubated/ ETT,1,
Other: tubed/vented,1,
"Room air, Other: on Bipap",1,
"Room air, Other: Vented.",1,
"Room air, Other: intubated O2 40% 6 PEEP",1,
"CPAP/BiPAP Device, Other: from home",1,
Other: neb tx in process,1,
"Bag mask, Other: PATIENT INTUBATED",1,
"Non-rebreather mask, CPAP/BiPAP Device, Room air",1,
Other: Trach to Ventilator,1,
Other: Neb Treatment,1,
"Nasal cannula, Other: bipap at night as tolerated",1,
Other: HUMIDIFIED 4 L/M,1,
Other: pt on bipap,1,
"Room air, Other: OETT with bagging",1,
"Trach collar, O2 not needed, Cool mist aerosol",1,
Other: ET tube with ventilation,1,
Other: 2 lites of oxygen at hs,1,
"Nasal cannula, Other: BIPAP  at HS",1,
"Venturi mask, Other:",1,
"Room air, Other: pt refusing to wear nasal cannula",1,
Other: iGel,1,
"Other: Ventilator: APVCMV 300x22 8 peep, 40% oxygen.",1,
Other: see RT vent settings,1,
"Room air, Other: airvo 5L",1,
"Simple mask, Aerosol mask, Room air",1,
"Room air, Other: ventilator   VT- 400 RR- 18 Fi02- 0.25  PEEP 6",1,
Other: VEnt settings TV 480 Rate 20 Peep 12 100%,1,
"Room air, Other: intubated,",1,
"Aerosol mask, Home CPAP/BiPAP Device, Room air",1,
Other: Mechanically ventilated,1,
"Aerosol mask, Bag mask, Room air",1,
"Other: vented SCMV TV 400, peep 10, 30%fio2",1,
Other: pt on vent with trach,1,
"Partial-rebreather mask, Other: Trach on vent",1,
"Non-rebreather mask, Room air, Other: neubulizer",1,
"Room air, Other: pt receiving Albuterol treatment",1,
Other: Vented 50/6,1,
"CPAP/BiPAP Device, Room air, Other: FiO2 40%",1,
Other: BIPAP. See respiratory note for detail.,1,
"Trach collar, Other: pt is on home vent",1,
Other: 4 liter,1,
Other: vented 6 peep 40% o2,1,
Other: VENT .40,1,
Other: on ventilator support,1,
"T-Piece, High-flow nasal cannula",1,
Other: Ventilator A/C V/C,1,
"Room air, Other: iGel; ambu bag",1,
"Room air, Other: intubated at 100% oxygen",1,
Other: Pt on the ventilator,1,
"Trach collar, Other: Pt on a ventilator",1,
"Room air, Other: BBM",1,
Other: Trach vented,1,
"Trach interface, CPAP/BiPAP Device, Room air",1,
Other: ET tube size 8,1,
"Trach collar, High-flow nasal cannula, CPAP/BiPAP Device",1,
"Trach collar, Heated high-flow oxygen, High-flow nasal cannula",1,
"Room air, Other: Intubated - 22cm at the lips.",1,
Other: on vent 100% FIO2,1,
Other: intubated at 100%,1,
Other: vent FIO2 100% Rate 20 TV 470 PEEP + 6,1,
Other: inutabted on Venti,1,
Other: ventilator ETT,1,
"Room air, Other: helium-oxygen therapy bipap",1,
"Room air, Other: 23 at gumline",1,
"Room air, Other: vent same settings, no changes",1,
"Room air, Other: vent no change in settings",1,
"Room air, Other: high flow 12L",1,
Other: high flow o2 12L,1,
"Nasal cannula, Simple mask, Aerosol mask",1,
Other: pt 93% while being bagged 100% oxygen,1,
"Other: vented TV 300, Rate 16, pep 6 fio2 50",1,
Other: BVM igel,1,
"Trach interface, T-Piece, Room air",1,
"Nasal cannula, Other: HOME CPAP night time",1,
Other: intubated on Vent,1,
Other: imtubated,1,
"Room air, Other: intubated 7.5 trach, 25cm at lip, on 50% O2",1,
"Room air, Other: ventilator on trach",1,
"High-flow nasal cannula, Other: VAPOTHERM",1,
"Room air, Other: inmtubated",1,
"Trach collar, Trach collar with heater, Trach interface",1,
"Room air, Other: vent 40%",1,
"O2 standby, equipment at bedside, Room air, Other: BVM on trach site",1,
"Nasal cannula, Other: 4L NC",1,
"Other: intubated, vent",1,
Other: BVM on trach site,1,
"CPAP/BiPAP Device, Other: BIPAP setting: IPAP 12, EPAP 8, Rate 20, FIO2 100%.",1,
Other: Continuous NEBS,1,
Other: BiPAP- hosp. equipment,1,
"Room air, Other: Ventilated Trach",1,
Other: bagging per RT,1,
Other: bag mask resucuitation,1,
"Nasal cannula, High-flow mask, CPAP/BiPAP Device",1,
"Room air, Other: intubated, 28 peak, 12.2, 755 VTE, 29 total, 70 % o2",1,
"Room air, Other: 5 lpm oxygen via nc",1,
Other: 0n vent,1,
Other: on the vent,1,
"Room air, Other: vent, settings unchanged.",1,
"Heated high-flow oxygen, Other: Ventilated Trach",1,
"Other: vent, 50%, tidal volume 450, peep 6.",1,
"Room air, Other: vent, tidal volume 450, 50%, 22 respirations, peep 6",1,
"Room air, Other: vent , tidal volume 450, 100%, peep 6",1,
Other: ON VENT,1,
Other: bag,1,
Other: Bi/pap,1,
"Trach collar, Trach interface, Room air",1,
"Room air, Other: intubated, ventilator",1,
"Other: vent, settings unchanged",1,
Other: Vent controlled rate of 14; TV 400; O2 30%,1,
"Other: intubated, ventilator",1,
"CPAP/BiPAP Device, Other: pt on cpapp rate 10 40%",1,
Other: intuvated vent,1,
"Trach collar, Other: Vent     Tidal volume 350     PEEP 6      FIO2 35    Rate 14",1,
"Trach collar, Other: Pt on ventilator. Fio2 50 peep 6, tidal volume 3500",1,
Other: INTUBATION,1,
Other: VEnt,1,
Other: on VENT per RT,1,
"Heated high-flow oxygen, Other: vent",1,
Other: ambu bnag,1,
Other: Ventilator-,1,
Other: biPAP,1,
Other: Hospital CPAP,1,
"Room air, Other: bipap.  50% O2",1,
"High-flow nasal cannula, Cool mist aerosol, Bag mask",1,
Other: NONREBREATHER,1,
"Aerosol mask, Other: neb tx",1,
Other: BAGGED ON 100% fIo2,1,
Other: Vent ASV mode,1,
"Trach collar, Room air, Other: Vent",1,
Other: airvo 100% + 60l/min,1,
"Room air, Other: RT Bipap",1,
Other: airvo 100% + 60 l/min,1,
Other: 8.0 oral ETT,1,
Other: intubated-on ventilator,1,
Other: ventilatoar,1,
Other: HOME VENT VIA # 6 SHILEY TRACH,1,
"Home CPAP/BiPAP Device, O2 standby, equipment at bedside, Room air",1,
Other: Home vent,1,
"Room air, Other: Assisted Vent",1,
"CPAP/BiPAP Device, Other: 2L NC during the day",1,
Other: intubated - mechanical ventilation,1,
"Home CPAP/BiPAP Device, Other: cpap 100percent o2 per ems",1,
"Trach collar, Trach interface, Other: home ventilator",1,
"Other: ventilator, 30 %",1,
"Room air, Other: Airvo/ trace interface",1,
"Face shield, Other: vent",1,
Other: airfvo,1,
Other: ambu bag via ET tube,1,
"CPAP/BiPAP Device, Other: aersol treatment",1,
"Heated high-flow oxygen, Other: airvo 30",1,
Other: bypap,1,
"Other: Vent SCMV, pt intital sat 88% because of poor reading on O2 monitor, after replacement patient sat 100%",1,
Other: I- Gel,1,
Other: vent intubated,1,
"Venturi mask, O2 standby, equipment at bedside",1,
"Trach collar, Heated high-flow oxygen, O2 standby, equipment at bedside",1,
Other: pulsing O2 pt'shome unit,1,
"Other: pt using home O2, pulse delivery",1,
"Face shield, T-Piece",1,
"Other: ventilator S-CMV; rate 12, peep 6, vt 420, fio2 30%",1,
Other: Vent AC/CMV,1,
"Simple mask, Other: Neb treatment",1,
Other: vent/ETT,1,
Other: Laryngeal mask airway.,1,
Other: (s)cmv + vent control,1,
"Other: ambu bag, intubated",1,
"Room air, Other: (s)cmv+ vent setting",1,
"Aerosol mask, T-Piece",1,
Other: VV ECMO,1,
Other: tubed and vented\,1,
"Room air, Other: pt ventilated and intubated",1,
"Other: Fio2, intubated",1,
Other: ETT tube.,1,
Other: itnubated,1,
"Partial-rebreather mask, Home CPAP/BiPAP Device, Other: BIPAP",1,
"Room air, Other: Trilogy Home ventilator",1,
Other: VENTILATED,1,
"Non-rebreather mask, Room air, Other: pt on vent",1,
"Room air, Other: ventiltor",1,
Other: Pt intubated on vent,1,
Other: 7.0 ETT placed by EMS,1,
"Room air, Other: on bipap machine.",1,
"Venturi mask, O2 standby, equipment at bedside, Room air",1,
Other: OptiFlow,1,
"High-flow mask, Other: Vented with Trach",1,
"Room air, Other: ventilator.",1,
"Aerosol mask, CPAP/BiPAP Device, Room air",1,
"Other: intibated, bag valve mask",1,
Other: vent on trach,1,
"Room air, Other: pt is on bipap place by RT",1,
Other: intubated by MD & sedated,1,
"Simple mask, Non-rebreather mask, Room air",1,
Other: ventilated/ETT,1,
Other: intubated with bag mask,1,
"Other: Ventilator _ APV/CMV 35% FiO2, 8 Peep",1,
"Room air, Other: vented patient",1,
Other: pt on ventilator post intubation,1,
Other: pt place on vent a/c ps of 16 and peep of 6,1,
"Simple mask, Other: Patient getting breathing treatment at this time.",1,
Other: vented; .7 fiO2,1,
Other: ventelator,1,
"Room air, Other: walking sat",1,
Other: intubated (endotracheal tube),1,
"Non-rebreather mask, Room air, Other: pt. intubated",1,
"Nasal cannula, Other: CPAP at night",1,
"Trach collar, O2 standby, equipment at bedside, Other: PATIENT ON VENTILATOR",1,
Other: CPAP PLACED IN ER FIO2 55%,1,
Other: biPAP 15 over 7,1,
"Room air, Other: pt receiving neb treatments at this time.",1,
Other: ventilator  dependent,1,
"Trach collar, Other: home seetings",1,
"Other: VENTIALTED, UNABLE TO PICK UP A RELIABLE OXYGEN SAT",1,
Other: trached to ventilator support,1,
Other: Pt is intubated,1,
"Nasal cannula, Simple mask, Non-rebreather mask",1,
Other: bippap,1,
Other: Vented - ET Tube,1,
"Trach collar with heater, Heated high-flow oxygen, O2 not needed",1,
"CPAP/BiPAP Device, Other: 10L O2 7.5 pressure",1,
Other: INtubation,1,
Other: non rebreaher,1,
"Non-rebreather mask, Home CPAP/BiPAP Device, Room air",1,
Other: et tube 7.5 23cm @lips,1,
"Heated high-flow oxygen, High-flow nasal cannula, CPAP/BiPAP Device",1,
Other: neb tx,1,
"CPAP/BiPAP Device, Room air, Other: RT at bedside adjusting BIPAP",1,
"Nasal cannula, Other: Trilogy at night",1,
Other: OETT vented,1,
"Partial-rebreather mask, Room air, Other: bipap",1,
"Room air, Other: BVM after intubation",1,
"CPAP/BiPAP Device, Other: 40% FiO2",1,
"Room air, Other: ett",1,
"Other: Ventilator. VT400, RR14, Peep6, FIO2 0.30",1,
Other: Ventilated  OETT 23@teeth # 7.5,1,
Other: INTUBATED ON VENTILATOR,1,
Other: VapoTherm,1,
Other: vent fio2 80 peep 6,1,
Other: Bipap 15/5 FiO2 .60,1,
Other: on breathing treatment Duoneb,1,
"Other: ventilator, VV ECMO",1,
"Heated high-flow oxygen, Other: Optiflo",1,
"Room air, Other: non-rebreather",1,
Other: mechanical ventilation,1,
"Room air, Other: ventilater",1,
"Room air, Other: ventilated: 35% O2, PEEP 5",1,
"Room air, Other: THE PT IS INTUBATED WITH - 24 cm at the lips",1,
"Other: PCMV- 16 PC, 75% FIO2, RR 22, 10 PEEP",1,
"Partial-rebreather mask, Other: vent",1,
Other: bipap at 100%,1,
Other: Ventialator in use.,1,
"Trach interface, Other: trach #8 shiley, vent settings: ASV PEEP 6, FiO2 30%",1,
Other: ventilation,1,
"Room air, Other: ambu bagging",1,
Other: Trach on Ventilator,1,
"CPAP/BiPAP Device, Other: O2 40%",1,
"Other: Ventilator, A/C",1,
Other:  ventilator,1,
"Other: 26 P PEAK, 8.8 EXPIRATORY, 481 VTE, 18 B/P/M, 6 PEEP, 50% OXYGEN",1,
"Room air, Other: vent on trach collar o2 60 peep 12",1,
"Room air, Other: intubatesd",1,
Other: ventilator 60%,1,
"Venturi mask, Cool mist aerosol",1,
Other: on mechanical ventilation,1,
"Non-rebreather mask, Other: biPAP machine",1,
Other: intubated adn vented,1,
"Other: Intubated, ET size 6",1,
"Other: intubated, bagging at 100% O2",1,
Other: ASV VENT,1,
Other: intubated and on vent,1,
"CPAP/BiPAP Device, Other: IPAP 12; Rate 16; EPAP 5; FiO2 30%",1,
"Room air, Other: pt is intubated",1,
"Trach collar, Heated high-flow oxygen, O2 not needed",1,
"Room air, Other: Trumpet",1,
"Venturi mask, Other: vent",1,
"T-Piece, Non-rebreather mask",1,
"Venturi mask, CPAP/BiPAP Device, Room air",1,
"O2 standby, equipment at bedside, Room air, Other: Vent",1,
"Other: AirVo, 40% 60L",1,
Other: intubated-,1,
"Room air, Other: receiving breathing tx",1,
"Room air, Other: venyilator",1,
Other: ETT - vent,1,
Other: breathing treatment infusing,1,
"Room air, Other: intub",1,
Other: pt being bagged I-gel in place on oxygen,1,
"Room air, Other: oral trach to vent peep 20",1,
"Non-rebreather mask, Other: Heliox treatment",1,
"Room air, Other: Intubated, On ventilator.",1,
Other: on ventilation system,1,
"T-Piece, Room air, Other: VENT",1,
"Home CPAP/BiPAP Device, Room air, Other: bipap",1,
"Aerosol mask, Other: On Vent, ASV 100/5/30",1,
"Room air, Other: VENT VIA TRACH",1,
Other: orally intub to vent peep 10 ac mode,1,
"Room air, Other: oral trached to vent",1,
Other: orally intubated to vent ac mode,1,
Other: orally intubated to vent on ac mode fio2 100%,1,
"Other: intubated, to vent",1,
"Room air, Other: respiratory called to administer breathing treatment.",1,
"Room air, Other: BI-PAP see resp notes for settings",1,
Other: orally trached to vent,1,
Other: orally trached to vent on peep 20 AC mode,1,
"Room air, Other: Et TUBE 7.0 19 AT lip",1,
"Room air, Other: orally intub to vent peep 10 ac mode",1,
"Aerosol mask, Other: Albuterol going at this time.",1,
Other: Ett tube,1,
"Non-rebreather mask, Other: MD notified of vitals.",1,
"Face shield, Bag mask",1,
Other: Ventilater,1,
"CPAP/BiPAP Device, Bag mask, Other: Intubation",1,
Other: Hi Flo NC,1,
"Nasal cannula, Venturi mask, High-flow nasal cannula",1,
"High-flow mask, Bag mask, Room air",1,
Other: pt placed on bipap,1,
Other: Ventilator at 100%.,1,
"Room air, Other: Air-vo",1,
Other: 70/30 heliox,1,
"Aerosol mask, O2 not needed",1,
Other: Mechanical Vent.,1,
Other: Intubated upon admission,1,
"O2 standby, equipment at bedside, Other: cpap at night",1,
"High-flow mask, Other: AirVo 60% oxygen",1,
"Room air, Other: heated high flow",1,
"Room air, Other: portable vent",1,
Other: tracheostomy- APVcmv,1,
Other: bagged by RT,1,
Other: being bagged,1,
"Other: Vent, Assist Control. 16 RR, 455 tidal volume, PEEP 5 FiO2 100%",1,
"Room air, Other: Ventilated.",1,
Other: Bipap/ Neb tx,1,
"Room air, Other: C-Pap",1,
Other: C-pap,1,
"Room air, Other: cpap with continuous nebulizer.",1,
"Room air, Other: CPAP with continuous nebulizers",1,
Other: cpap-ems,1,
"Room air, Other: EMS CPAP",1,
Other: albuterol with face mask,1,
"Room air, Other: Bag Valve Mask",1,
Other: Pt is on vent with a rate of 17 anf 35% 02,1,
"Room air, Other: intubated, 100% o2 peep 10",1,
"Nasal cannula, T-Piece, Oxymizer",1,
"Room air, Other: AIRVO",1,
Other: O2 @ 2L,1,
"Nasal cannula, Other: 5l",1,
"Nasal cannula, Other: nasal Cpap qhs",1,
"Room air, Other:",1,
"Room air, Other: ETT and Vent",1,
"High-flow nasal cannula, High-flow mask, Home CPAP/BiPAP Device, O2 standby, equipment at bedside",1,
"Trach collar with heater, Bag mask",1,
"CPAP/BiPAP Device, Room air, Other: bipap",1,
Other: On ventilator.,1,
Other: ventilated.,1,
"Other: Tracheostomy - Ventilated: SCMV 50% FiO2, 12 PEEP, 400 Tv, 20 rate",1,
"Other: vent  a/c 14 550 10 0.50, spon rate 7-10 breath per min, faster when on spon settings",1,
"Trach collar, Oxymizer, Cool mist aerosol",1,
"Other: Per EMS, family endorsed that pt is non-compliant with home O2 use and that he stays in the low 80's for an SPO2 at home.  Called RT to come and start BiPap on the pt.",1,
"Room air, Other: et  PLACED",1,
"High-flow nasal cannula, Home CPAP/BiPAP Device, O2 standby, equipment at bedside",1,
"Heated high-flow oxygen, High-flow nasal cannula, High-flow mask",1,
Other: high flow O2,1,
Other: vapo therm,1,
"High-flow mask, Other: BVM",1,
Other: INTUBABTED,1,
"Trach collar, T-Piece, Partial-rebreather mask",1,
Other: TC 40 %,1,
"Room air, Other: ETT 80% FiO2",1,
"Other: intubated, bagged at 20/min",1,
"High-flow mask, Oxymizer",1,
"Other: ET tube, vent",1,
Other: AMBU bag,1,
"Nasal cannula, Aerosol mask, Room air",1,
Other: RA,1,
Other: Vent 60% fiO2,1,
Other: 100% 40L vapotherm,1,
"Room air, Other: ETT/ vent. Tidal volume 310, PEEP 6, Rate 16",1,
Other: intubated vent,1,
Other: vented.,1,
Other: Vent .40 fiO2,1,
Other: ntubated,1,
Other: Intubated on vent,1,
"Trach collar, Other: vent.",1,
"Heated high-flow oxygen, Oxymizer",1,
"Oxyhood, Neonatal",1,
"Room air, Other: long term vent trach collar, fiot 50%",1,
"Trach collar, Other: Portable (personal) vent",1,
"CPAP/BiPAP Device, Other: pt states she uses a c-pap machine at night",1,
"Home CPAP/BiPAP Device, Other: pt intubated",1,
Other: Ventilator/ECMO,1,
"Non-rebreather mask, Room air, Other: in line nebulizer",1,
"Room air, Other: oxygen applied at 2l NC in GIDU",1,
"Trach collar, Room air, Other: red cap",1,
Other: ET tube.,1,
"Trach collar, Other: Portable vent",1,
"Room air, Other: BIpap upon arrival.",1,
"Room air, Other: tidal 400, intubated, rate 18, Ppeak 14, 7.5 ExpMinVol",1,
Other: albuterol neb,1,
Other: endotrach tube,1,
"T-Piece, Other: ENT Tube",1,
Other: ventilator via trach,1,
"Room air, Other: ventilated trach.  See Resp notes for settings.",1,
"Room air, Other: ventilator via trach",1,
"CPAP/BiPAP Device, Other: bipap",1,
Other: Ventilatory support,1,
Other: Vent 100% FIO2,1,
Other: netilatory- see RT notes for settings.,1,
Other: i-gel wiht resp assisted via BVM,1,
"CPAP/BiPAP Device, Room air, Other:",1,
"Room air, Other: trilogy",1,
"Room air, Other: on Vent",1,
Other: bagged at bedside,1,
"Room air, Other: BI-pap via vent",1,
Other: Ventilator fio2 50%,1,
Other: Bag valve mask.,1,
Other: venitlator,1,
Other: ventilator- intubated,1,
Other: venti-lator,1,
Other: LMA & Ambu bag,1,
Other: lma-ambu bag,1,
Other: LMA- ambu bag,1,
"Room air, Other: pt 73% on non rebreather upon arrival. pt placed on non rebreather in ed with 15L O2 flow",1,
Other: 100% FIO2,1,
"Room air, Other: ventilator, Peep 10, Rate 6",1,
Other: ventilatory via tracheostomy; fio2 0.6,1,
"High-flow nasal cannula, Other: Trach to Vent Shiley #6",1,
Other: trach ventilator,1,
Other: at home vent,1,
"Room air, Other: intubated and on ventilator",1,
"Room air, Other: on home vent",1,
Other: ETT-Vent,1,
Other: by-pap,1,
Other: Trached,1,
Other: VENT FIO=30%,1,
"Other: on Vent 100%, TV 400, Rate 20, PEEP 6",1,
Other: vented with trach,1,
"Trach collar, Other: arrived on home ventilator",1,
"Trach interface, Other: Vented",1,
"CPAP/BiPAP Device, Other: Bipap-O2 at 40%",1,
Other: high flow oxygen,1,
Other: ventilator/ intubated,1,
"Other: Vent, VC 28, 340, 6, 50%",1,
"Room air, Other: on ventilator.",1,
"Nasal cannula, Other: BiPAP at night",1,
"High-flow mask, Other: intubated",1,
"Room air, Other: vintalator",1,
"Nasal cannula, Trach collar, High-flow nasal cannula",1,
Other: pt using home-vent,1,
Other: Patient on vent.,1,
"Non-rebreather mask, Heated high-flow oxygen, Oxymizer",1,
Other: ETT/Ventilator,1,
"Room air, Other: ETT/ ventilator",1,
"Bag mask, Other: ETT",1,
"High-flow nasal cannula, O2 not needed, Cool mist aerosol",1,
Other: on Resp treatment,1,
"Room air, Other: vent 75%",1,
Other: intubate pt is been bagged,1,
Other: Trach to Vent,1,
Other: pt has been intubate,1,
"Nasal cannula, Face shield, Room air",1,
Other: Hosp BIPAP,1,
Other: et TUBE,1,
Other: Et Tube,1,
Other: Pt intubated size 5 LMA.,1,
Other: Pt intubated with size 5 LMA,1,
Other: Airvo 30%,1,
"Room air, Other: intubate and bagging",1,
Other: ETT/VENTILATOR,1,
Other: venilator,1,
Other: intubation/vent,1,
Other: optiflow @100%,1,
"Room air, Other: BIPAP at night",1,
Other: intubated from OR,1,
"Bag mask, Other: intubated, bagged",1,
"Other: Pt on the vent:  FIo2 50%, Peep 8, TV: 320, Rate 14",1,
"Other: on BIPAP, see respiratory notes for details.",1,
"Face shield, Home CPAP/BiPAP Device",1,
Other: Ventilator. 50% FiO2. RR 26. PEEP 10.,1,
Other: vs was done on the floor before my shift.,1,
Other: intubated adn sedated,1,
"Bag mask, Other: igel in place",1,
"Bag mask, Other: igel",1,
"Bag mask, Other: igel being bagged",1,
"Non-rebreather mask, Cool mist aerosol",1,
Other: aervo,1,
"Other: Air Vo 30L, 30%",1,
Other: bag via king airway,1,
"Room air, Other: Non-rebreather",1,
Other: on Vent.,1,
"Room air, Other: VENT 40% FIO2",1,
"Room air, Other: VENT 100% FIO2",1,
"Room air, Other: VENT 100%",1,
"Room air, Other: ETT, ASSISTED VENTILATIONS, 100%",1,
Other: vENTILATOR,1,
"Room air, Other: BVM AT 100%",1,
"Room air, Other: ASSISTED VENTILATIONS WITH BAG AT 100%",1,
Other: ambubag.,1,
Other: ET tube and vent,1,
Other: uses home oxygen prn,1,
Other: Endotracheal Tube,1,
Other: intubated 6 peep and 60% 02.,1,
"Face shield, Heated high-flow oxygen, Cool mist aerosol",1,
"Room air, Other: VENTILATION PER BAG, ETT TUBE SECURED, TO REPOSITION ETT AFTER CXR VIEWED",1,
"Other: Ambu bag, Intubated in route",1,
Other: humidity added,1,
Other: Intubated 6/40% SCMV,1,
Other: Ventilator 60% FIO2 ; 10 PEEP,1,
"Room air, Other: inbtubated",1,
"Nasal cannula, Other: BiPAP at night.",1,
Other: Vented- ASV 100/5/40%,1,
Other: vent 70% FiO2,1,
Other: patient is intubatee,1,
Other: inbuated,1,
Other: Tubed and vented,1,
Other: BMV ventilations,1,
Other: vent`,1,
Other: Vent settings: FiO2 100  Peep 10,1,
"Room air, Other: Bi-PAP",1,
Other: patient is on a vent,1,
"Room air, Other: patient is intubate",1,
Other: Mechanical ventilation.,1,
"Partial-rebreather mask, Other: intubated",1,
"Other: vent, ASV",1,
"High-flow nasal cannula, Other: Airvo",1,
Other: Hospital CPAP/BiPap,1,
"Trach interface, Room air, Other: mechanical vent",1,
Other: pt receiving breathing tmt,1,
Other: ett/vent,1,
Other: breathing tx in progress,1,
"Room air, Other: pt inbtubated via King air way",1,
"CPAP/BiPAP Device, Other: neb treatment",1,
"Room air, Other: Duoneb breathing treatment",1,
"Trach collar, Simple mask, Room air",1,
Other: on cpap per ems,1,
"Nasal cannula, Other: prn",1,
"Trach collar, Other: home vent",1,
"Other: Trach, home vent",1,
"Other: trach, home vent",1,
Other: ventilator; trach,1,
Other: vented; 12 respirations,1,
Other: patinet is on bipap,1,
"Room air, Other: intubated, RT at bedside, on ventilator",1,
"Other: intubated, bag valve mask",1,
Other: 8.0 SHILLEY TRACH,1,
"Room air, Other: airvo 40%",1,
Other: BVM with igel,1,
Other: breathing tx mask,1,
Other: unresponsive,1,
Other: pt vented,1,
"Room air, Other: endotracheal tube",1,
"Nasal cannula, Trach collar, O2 standby, equipment at bedside",1,
Other: Intubated/Vent,1,
"O2 standby, equipment at bedside, Bag mask, Room air",1,
"Nasal cannula, CPAP/BiPAP Device, O2 not needed",1,
"Room air, Other: on breathing treatment",1,
"Nasal cannula, CPAP/BiPAP Device, O2 standby, equipment at bedside, Room air",1,
"Home CPAP/BiPAP Device, Other: vented",1,
"Room air, Other: tubed",1,
"Nasal cannula, Cool mist aerosol, Bag mask",1,
"Nasal cannula, O2 not needed, Room air",1,
Other: ventilator 0.6,1,
"Room air, Other: 50% BIPAP",1,
Other: Airvo 60L/.95,1,
Other: airvo 60l/.95,1,
Other: airvo 60L & 88%Fio2,1,
"Room air, Other: Home;Venti ;SIMV; Mode",1,
Other: vent ET tube,1,
Other: King airway in place,1,
"Other: breathing treatment in progress, connect to 8L for administration purposes.",1,
"Simple mask, Cool mist aerosol",1,
"Room air, Other: Pt on continuous neb with 6l oxygen. Set up by respiratory",1,
"Room air, Other: pt intubated at this time ,",1,
Other: Ventilator 30% FiO2,1,
"High-flow nasal cannula, Room air, Other: BMV",1,
Other: EMS CPAP poor waveform,1,
Other: Home; Vent; SIMV mode,1,
"Room air, Other: Home;Venti- SIMV",1,
Other: Home - venti;  SiMV mode,1,
"Room air, Other: HOME VENTILATOR",1,
Other: Nasal Intubation,1,
"Trach collar, Trach collar with heater, Trach interface, Room air",1,
"Trach collar, Other: Pressure Support Vent",1,
"Trach collar, Other: pressure support",1,
Other: increase to 3 L,1,
"Aerosol mask, Cool mist aerosol, Other: 44%",1,
"Home CPAP/BiPAP Device, Other: 10/5",1,
Other: vent/ASV,1,
Other: pt being bagged by resp,1,
"Other: Vent, patient intubated",1,
"Nasal cannula, Heated high-flow oxygen, Room air",1,
Other: pt receiving albuterol tmt,1,
"Nasal cannula, T-Piece, High-flow nasal cannula",1,
"Room air, Other: VENT CMV mode",1,
"Room air, Other: Pt on Ventilator",1,
"Room air, Other: Pt on ventilator",1,
"Room air, Other: Amboo bag",1,
"Nasal cannula, High-flow nasal cannula, Other: oxymizer",1,
"Home CPAP/BiPAP Device, Other: hospital cpap machine",1,
"Home CPAP/BiPAP Device, Other: hospital CPAP",1,
"Venturi mask, Non-rebreather mask, Room air",1,
Other: ETT.,1,
"Other: vent, ECMO",1,
Other: portable vent,1,
Other: PEEP 10 Fi02 100 % changed by RT after patient desat 80 percent sp02 good and adequate pleth.,1,
"CPAP/BiPAP Device, Other: 45% O2, Ipap18,  epap 6",1,
Other: Vvent,1,
Other: ventilator 100%,1,
"Trach collar, Other: has  ventilator",1,
"Nasal cannula, Other: Sleep apnea- bipap at night",1,
"Room air, Other: mechanical ventilations",1,
"Room air, Other: pt on ventilator - see RT notes for settings",1,
Other: Trache Vented,1,
"Room air, Other: high flow",1,
"Trach collar with heater, Venturi mask, Non-rebreather mask",1,
"Other: pt being bagged with ambu, 15L O2",1,
Other: ventilator; 30% fiO2,1,
"O2 not needed, Other: ETT",1,
"Room air, Other: pt intubated, 50% fio2",1,
Other: intubated 50 fio2,1,
Other: pt intubated .,1,
Other: Vent 20 450 6 50 AV,1,
Other: 4 liters,1,
Other: Trach,1,
Other: Ventilator ASV 100 mv- 40% fio2- 5 peep,1,
Other: I-vent,1,
"Nasal cannula, High-flow nasal cannula, Cool mist aerosol",1,
Other: bipaP,1,
"Room air, Other: on vent, see respiratory note for details.",1,
Other: Ventilstor,1,
Other: vent ASV 30%,1,
"Room air, Other: home c-pap",1,
"Trach collar, Trach collar with heater, Simple mask",1,
Other: ON vent.,1,
Other: bagging ET,1,
Other: BVM  ET,1,
Other: BVM ET,1,
"Nasal cannula, Other: may need BIPAP at night",1,
"Room air, Other: Mechanical Ventilations",1,
"Room air, Other: Bag Mask",1,
"Trach collar, O2 not needed, Room air",1,
"Room air, Other: albuterol tx",1,
"Trach collar, Room air, Other: O2 over trach",1,
Other: et & vent,1,
"High-flow nasal cannula, Other: Vent",1,
"Trach interface, Other: Vent",1,
"Other: Trach in place, capped. Patient is currently on room air.",1,
Other: Pt being ambu bagged,1,
"Bag mask, Other: LMA",1,
Other: R neck crieck,1,
Other: VENT/ETT,1,
"Other: Vt 400, PEEP 8, FiO2 60, flowtrigger 3.0, I:E 1:2.0",1,
"Other: PEEP 8, FiO2 60%",1,
"Other: Vt 400, PEEP 6, FiO2 50%",1,
"Other: ventilated (S)CMV+, Vt 400, PEEP 6, O2 50%",1,
Other: HUMIDIFIED NASAL CANNULA,1,
"High-flow mask, Cool mist aerosol, Bag mask",1,
"CPAP/BiPAP Device, Other: fio2 .60%",1,
Other: Trilogy,1,
"Other: intubatioin size 7.5 , placement 21cm at the lip",1,
"Room air, Other: bagging through trach",1,
"Room air, Other: Vent-intubated",1,
"Room air, Other: neb treatmentr",1,
"Room air, Other: neb treatmetn",1,
Other: Vent APV/CMV,1,
"Room air, Other: AirVO2 55%",1,
Other: Trach/Vent,1,
"Trach collar, Other: Ventilator",1,
Other: breathing tx to 8L O2,1,
Other: Intubated/Ventilated,1,
"Room air, Other: pt on vapo therm at 40L/min and NRB at 15L/min",1,
Other: mech ventilator,1,
"Room air, Other: RA. nc 4 liters at 78%, NRB 94%",1,
"Heated high-flow oxygen, High-flow nasal cannula, Other: 15L non rebreather",1,
"Non-rebreather mask, Other: Heliox",1,
"High-flow nasal cannula, Room air, Other: pt is also on 15L  non rebreather at this time",1,
Other: intubated 6 PEEP 100% o2,1,
"Non-rebreather mask, Other: vent",1,
"Room air, Other: INTUBATED. 8.0 ET Tube, Fio2 80% Vt 460, PEEP 8",1,
"Room air, Other: NRM",1,
Other: Ventilator with Flolan running at 1 million,1,
"Room air, Other: on vent.",1,
Other: Home ventilator,1,
"High-flow nasal cannula, Other: pt additionally on 15L non rebreather",1,
"Room air, Other: BiPAP settings = 12 over 6, rate of 14, 40% oxygen",1,
Other: vented patient,1,
"Trach collar, T-Piece, O2 not needed, Room air",1,
"High-flow mask, Other: Pt is ventilated",1,
Other: Pt is on the vent - see RT notes for settings.,1,
Other: Pt is on the vent,1,
"Room air, Other: Pt on vent -see RT settings.",1,
Other: Intubated - mechanical ventilation,1,
Other: per ventilator via trach,1,
Other: ventilator; BV during transport,1,
"Room air, Other: pt intubated : ventilator settings 6 PEEP 50% 02",1,
Other: NEBULIZER,1,
Other: intubated and ventilated on SCMV mode,1,
"High-flow nasal cannula, Other: Humidified per Respiratory Therapist, Sharon Young.",1,
"Partial-rebreather mask, Room air, Other: Vent",1,
Other: vapotherm .35 and 40L/min,1,
"Room air, Other: NRB",1,
Other: 3L NC,1,
"Other: 30% fio2, ventilator",1,
"Room air, Other: high flow o2",1,
Other: patient is veent,1,
Other: ET to vent,1,
"CPAP/BiPAP Device, Other: triology",1,
"Non-rebreather mask, Other: heliox",1,
"Room air, Other: heliox+ albuterol+ levalbuterol",1,
"Nasal cannula, Other: heliox",1,
Other: Patient on vent AC mode.,1,
"Room air, Other: Heliox",1,
Other: on ventilator 70% oxygen peep 6,1,
"Other: intubated 70% oxygen, peep 6",1,
Other: 0.7% oxygen peep 6,1,
Other: intubated 70% oxygen peep 6,1,
"Room air, Other: intubated 80% oxygen peep 6",1,
"Room air, Other: intubated size 8 ET tube",1,
Other: Heliox,1,
"Non-rebreather mask, Other: heleiox",1,
Other: pt on vent at bedside.,1,
"Room air, Other: ET 7.5  24at the lip",1,
Other: nasal trumpet with BVM,1,
"Non-rebreather mask, Other: neb tx",1,
"Trach collar, Oxymizer, Room air",1,
"Trach collar, Room air, Other: optic flow",1,
Other: home oxygen,1,
Other: 8 F ET TUBE; 26 at the lip,1,
"Room air, Other: BPAP",1,
Other: Trached and Vented,1,
Other: airvo2,1,
Other: Vented. ETT.,1,
"Other: Intubated, AC mode",1,
"Room air, Other: Vent.",1,
Other: ET tube/ventilator,1,
"CPAP/BiPAP Device, Other: 70% O2",1,
"Nasal cannula, Face shield, Cool mist aerosol",1,
"Simple mask, Other: Breathing treatment",1,
"Room air, Other: ventilator, see respiratory settings",1,
"High-flow nasal cannula, Other: BVM",1,
"Room air, Other: nonrebreather",1,
"Simple mask, Cool mist aerosol, Room air",1,
"Room air, Other: Et tube",1,
Other: Et tube,1,
Other: NIPPD,1,
"Other: Vented on PCV 30%  PEEP 6, PC 30",1,
Other: IGEL,1,
"Room air, Other: trach and vent",1,
Other: intubated and ventilated,1,
"Home CPAP/BiPAP Device, Other: BIPAP",1,
"Room air, Other: at home 2 L via NC",1,
"High-flow nasal cannula, High-flow mask, CPAP/BiPAP Device",1,
Other: intubated 100% O2,1,
"Other: intubated, 100% O2",1,
"Other: Intubated, 100% O2",1,
"Room air, Other: Vent vis trach",1,
"Other: on BIPAP setting: BIPAP 16/6; Rate 18, FIO2 45%.",1,
"Nasal cannula, High-flow mask, Other: Intubated",1,
Other: NC and intubated with bag assist,1,
Other: Bag mask,1,
"Room air, Other: Pt using vent from home, arrived by EMS with vent in use.",1,
Other: DuoNeb breathing treatment,1,
Other: 5Liters,1,
Other: Ventilator Pressure support,1,
"Room air, Other: nebulizer treatment @ 8L",1,
"Simple mask, Bag mask",1,
"Simple mask, High-flow mask, Room air",1,
"Room air, Other: pt on vent",1,
Other: breathing tx going,1,
"Aerosol mask, High-flow nasal cannula, Room air",1,
"Other: trach, ventilator",1,
"Room air, Other: OETT",1,
Other: Intubated vent,1,
Other: vent',1,
"Room air, Other: home vent via trach",1,
"Other: home ventilator settings Assist control, 420 tidal volume, 20 respirations, 6 PEEP, 2L supplemental O2",1,
Other: Trach to vent,1,
"Trach collar, Room air, Other: on ventilator",1,
Other: Nebulizer,1,
"Trach collar, Other: Trach collar",1,
"Nasal cannula, Trach collar, Cool mist aerosol",1,
Other: Ventilator- see ventilator settings,1,
"Other: intubated, 100% oxygen",1,
Other: venbt,1,
"Nasal cannula, Other:",1,
"Room air, Other: PEEP 5 on vent",1,
Other: ventilator 30% O2,1,
Other: ventilator FIO2 30%,1,
"Trach collar, Other: VENT",1,
"Simple mask, Other: Ventilator  PEEP 5 FIO2 28 PSV 15 Rate 20 Tidal volume 5",1,
"Aerosol mask, Other: pt is on albuterol and atrovent treatment",1,
"Trach collar, Trach interface, T-Piece",1,
"Non-rebreather mask, Cool mist aerosol, Room air",1,
Other: orally intubated,1,
Other: pt. intubated at this time; pt. being bagged at this time,1,
Other: Vent with 35% FiO2,1,
"Trach collar, Other: Vented",1,
"Nasal cannula, Room air, Other:",1,
Other: bipap 14/6,1,
"Room air, Other: bipap/cpap",1,
"Other: trach, chronic vent",1,
"Room air, Other: bipap-c/pap",1,
"Room air, Other: bi-pap/cpap per ED RT",1,
Other: bi-pap/cpap,1,
Other: Bi-pap/cpap,1,
"Room air, Other: ambubag",1,
"Room air, Other: vent from home (RT at bedside)",1,
"Room air, Other: trach on home vent",1,
Other: trilogy home vent,1,
"Room air, Other: Bi-pap/cpap from ED RT",1,
"Trach collar, Other: 50% Trach collar",1,
"CPAP/BiPAP Device, Other: ipap 12 epap 8 rate 8  fi02%35%",1,
Other: intbuated and vented,1,
"Other: non rebreather, 15 l",1,
"Other: fio2 100% peep 8, et to vent",1,
"Room air, Other: to vent at fio2 100%",1,
Other: hospital Bipap,1,
Other: vent AC/CMV 20 FIo2 .40 TV 450 peep 6,1,
Other: AirVo 45%,1,
Other: vent AC/CMV 20 FIO2 .40 tv 450 peep 6,1,
Other: vent AC/CMV 20 TV 450 FIOS .40 peep 6,1,
"Other: vent - AC/CMV 20, TV 450, FIO2 .40 peep 6",1,
"Room air, Other: vent AC/CMV 20 TV 450, FIO2 .40, peep 6",1,
Other: Non-rebreather,1,
"High-flow nasal cannula, Other: Nocturnal bipap",1,
Other: Breathing treatment in progress.,1,
Other: intubated on a vent,1,
Other: vent AC/CMV 20 FIO2 .40 TV 450 peep 6,1,
"High-flow nasal cannula, Home CPAP/BiPAP Device, Room air",1,
"Nasal cannula, Trach collar, Face shield",1,
Other: Pt placed on vent,1,
Other: pt ventilator,1,
"Other: vent VT 450 rate 16/min, Fio2 100%, Peep 5",1,
"Aerosol mask, Non-rebreather mask, Room air",1,
Other: Patient intubated,1,
"Room air, Other: ambulatory o2 sat, pt did well while ambulating lowest sat 94% RA, when pt sat down, sats dropped to lowest 84%. pt placed on 2L o2 and sats returned to pre desat condition",1,
Other: alb neb with 8L/min O2,1,
Other: air vo,1,
"Room air, Other: Encouraged to deep breathe",1,
Other: PT ET TUBE IN PLACE. PT ON VENT.,1,
"Room air, Other: 100% ETT",1,
Other: trach with vent,1,
Other: patient intubated,1,
"High-flow nasal cannula, O2 not needed",1,
Other: Igel,1,
Other: ventede,1,
Other: pt received on ambu bag,1,
Other: trach via vent,1,
"Venturi mask, Other: intubated",1,
Other: intubatred,1,
"Room air, Other: iGel, ambu bag",1,
"Heated high-flow oxygen, Other: trach-20%, 10 L",1,
Other: nebs,1,
Other: ECMO cannulated/ on vent,1,
"Bag mask, Other: vent settings:  Rate 28, TV 420, Peep 16 and FiO2 70%.",1,
Other: pt Vented,1,
Other: Pt was placed on continuous nebulizer by RT - flow rate is 3 l per min,1,
"Non-rebreather mask, High-flow mask, Room air",1,
Other: on Trach- Venti,1,
Other: NRB,1,
"Heated high-flow oxygen, Other: AirVo",1,
Other: AirVO FiO2 45%,1,
"Other: on AIRVO, Fio2 45%",1,
"Room air, Other: fio2 40%",1,
Other: Ambnu Bag,1,
Other: ETT.Vent,1,
Other: being bagged by RT at bedside,1,
Other: bagged by RT at bedside,1,
Other: bipap machine,1,
"Partial-rebreather mask, Other: bipap",1,
"Room air, Other: Pt own Cipap",1,
"CPAP/BiPAP Device, Other: Pts Own Cipap",1,
Other: Bipap 100,1,
Other: Patient on the vent.,1,
"Room air, Other: et tube/vent",1,
Other: ambu-mask,1,
"Room air, Other: trache on vent",1,
"Trach collar, Other: Ventilator.",1,
"Room air, Other: Ventilator FIO2 50%",1,
Other: intubated. Vented,1,
Other: AC rate 20 50% TV  450 Peep 7,1,
"Other: intubated, SCMV 10/60%",1,
